Provider,NumberOfStations,VehiclesInStation,NumberOfFreeBikes,Date
donkey_thun,38,166,0,2023-07-18
sponticar,nan,nan,0,2023-07-18
carvelo2go,nan,nan,0,2023-07-18
bird-kloten,nan,nan,50,2023-07-18
lime_winterthur,1,144,143,2023-07-18
lime_opfikon,1,75,76,2023-07-18
bolt_zurich,nan,nan,704,2023-07-18
bird-platform-partner-jmfleets-bulle,0,0,144,2023-07-18
pickebike_basel,60,25,367,2023-07-18
donkey_neuchatel,56,242,0,2023-07-18
lime_uster,1,108,108,2023-07-18
nextbike_ch,295,939,975,2023-07-18
pickebike_aubonne,12,39,42,2023-07-18
lime_basel,1,339,338,2023-07-18
lime_wetzikon,1,0,0,2023-07-18
bird-basel,nan,nan,201,2023-07-18
donkey_freiburg,9,13,0,2023-07-18
donkey_kreuzlingen,19,73,0,2023-07-18
pickebike_fribourg,53,12,59,2023-07-18
donkey_ge,584,821,0,2023-07-18
donkey_li,7,0,0,2023-07-18
bird-platform-partner-jmfleetswl-biel,0,0,45,2023-07-18
bird-zurich,nan,nan,776,2023-07-18
donkey_le_locle,10,26,0,2023-07-18
donkey_sion,66,0,0,2023-07-18
share_birrer_ch,19,18,0,2023-07-18
donkey_yverdon-les-bains,79,121,0,2023-07-18
velospot,740,2131,2160,2023-07-18
2em_cars,1278,1278,0,2023-07-18
mobility,1563,0,0,2023-07-18
edrivecarsharing,nan,nan,0,2023-07-18
donkey_thun,38,171,0,2023-07-19
sponticar,nan,nan,0,2023-07-19
carvelo2go,nan,nan,0,2023-07-19
bird-kloten,nan,nan,48,2023-07-19
lime_winterthur,1,145,145,2023-07-19
lime_opfikon,1,76,77,2023-07-19
bolt_zurich,nan,nan,713,2023-07-19
bird-platform-partner-jmfleets-bulle,0,0,144,2023-07-19
pickebike_basel,60,24,374,2023-07-19
donkey_neuchatel,56,243,0,2023-07-19
lime_uster,1,106,105,2023-07-19
nextbike_ch,295,944,968,2023-07-19
pickebike_aubonne,12,35,39,2023-07-19
lime_basel,1,340,341,2023-07-19
lime_wetzikon,1,0,0,2023-07-19
bird-basel,nan,nan,202,2023-07-19
donkey_freiburg,9,13,0,2023-07-19
donkey_kreuzlingen,19,72,0,2023-07-19
pickebike_fribourg,53,11,55,2023-07-19
donkey_ge,584,864,0,2023-07-19
donkey_li,7,0,0,2023-07-19
bird-platform-partner-jmfleetswl-biel,0,0,39,2023-07-19
bird-zurich,nan,nan,813,2023-07-19
donkey_le_locle,10,22,0,2023-07-19
share_birrer_ch,19,18,0,2023-07-19
donkey_sion,66,0,0,2023-07-19
donkey_yverdon-les-bains,80,111,0,2023-07-19
velospot,740,2149,2179,2023-07-19
2em_cars,1278,1278,0,2023-07-19
mobility,1563,0,0,2023-07-19
edrivecarsharing,nan,nan,0,2023-07-19
liemobil_liechtenstein,24,52,52,2023-07-19
lime_zug,1,86,86,2023-07-19
lime_zurich,1,1129,1129,2023-07-19
donkey_thun,38,172,0,2023-07-20
sponticar,nan,nan,0,2023-07-20
carvelo2go,nan,nan,0,2023-07-20
bird-kloten,nan,nan,46,2023-07-20
lime_winterthur,1,143,143,2023-07-20
lime_opfikon,1,74,74,2023-07-20
bolt_zurich,nan,nan,710,2023-07-20
bird-platform-partner-jmfleets-bulle,0,0,153,2023-07-20
pickebike_basel,60,21,372,2023-07-20
donkey_neuchatel,56,235,0,2023-07-20
lime_uster,1,97,97,2023-07-20
nextbike_ch,295,954,981,2023-07-20
pickebike_aubonne,12,33,39,2023-07-20
lime_basel,1,353,353,2023-07-20
lime_wetzikon,1,0,0,2023-07-20
bird-basel,nan,nan,202,2023-07-20
donkey_freiburg,9,9,0,2023-07-20
donkey_kreuzlingen,19,74,0,2023-07-20
pickebike_fribourg,53,11,58,2023-07-20
donkey_ge,584,816,0,2023-07-20
donkey_li,7,0,0,2023-07-20
bird-platform-partner-jmfleetswl-biel,0,0,38,2023-07-20
bird-zurich,nan,nan,765,2023-07-20
donkey_le_locle,10,22,0,2023-07-20
donkey_sion,66,0,0,2023-07-20
share_birrer_ch,19,18,0,2023-07-20
donkey_yverdon-les-bains,80,123,0,2023-07-20
velospot,740,2138,2164,2023-07-20
2em_cars,1283,1283,0,2023-07-20
mobility,1564,0,0,2023-07-20
edrivecarsharing,nan,nan,0,2023-07-20
liemobil_liechtenstein,24,52,52,2023-07-20
lime_zug,1,78,78,2023-07-20
lime_zurich,1,1124,1123,2023-07-20
donkey_thun,nan,nan,0,2023-07-21
sponticar,nan,nan,0,2023-07-21
carvelo2go,nan,nan,0,2023-07-21
bird-kloten,nan,nan,51,2023-07-21
lime_winterthur,1,138,138,2023-07-21
lime_opfikon,1,73,73,2023-07-21
bolt_zurich,nan,nan,703,2023-07-21
bird-platform-partner-jmfleets-bulle,0,0,138,2023-07-21
pickebike_basel,60,20,390,2023-07-21
donkey_neuchatel,56,235,0,2023-07-21
lime_uster,1,105,105,2023-07-21
nextbike_ch,295,953,981,2023-07-21
pickebike_aubonne,12,36,41,2023-07-21
lime_basel,1,341,341,2023-07-21
lime_wetzikon,1,0,0,2023-07-21
bird-basel,nan,nan,201,2023-07-21
donkey_freiburg,9,9,0,2023-07-21
donkey_kreuzlingen,19,66,0,2023-07-21
pickebike_fribourg,53,18,66,2023-07-21
donkey_ge,584,850,0,2023-07-21
donkey_li,7,0,0,2023-07-21
bird-platform-partner-jmfleetswl-biel,0,0,35,2023-07-21
bird-zurich,nan,nan,807,2023-07-21
donkey_le_locle,10,21,0,2023-07-21
share_birrer_ch,19,17,0,2023-07-21
donkey_sion,66,0,0,2023-07-21
donkey_yverdon-les-bains,80,123,0,2023-07-21
velospot,740,2147,2172,2023-07-21
2em_cars,1283,1283,0,2023-07-21
mobility,1564,0,0,2023-07-21
edrivecarsharing,nan,nan,0,2023-07-21
liemobil_liechtenstein,24,51,51,2023-07-21
lime_zug,1,70,70,2023-07-21
lime_zurich,1,1140,1139,2023-07-21
donkey_thun,nan,nan,0,2023-07-22
sponticar,nan,nan,0,2023-07-22
carvelo2go,nan,nan,0,2023-07-22
bird-kloten,nan,nan,43,2023-07-22
lime_winterthur,nan,nan,140,2023-07-22
lime_opfikon,nan,nan,76,2023-07-22
bolt_zurich,nan,nan,723,2023-07-22
bird-platform-partner-jmfleets-bulle,nan,nan,138,2023-07-22
pickebike_basel,nan,nan,360,2023-07-22
donkey_neuchatel,nan,nan,0,2023-07-22
lime_uster,nan,nan,113,2023-07-22
nextbike_ch,nan,nan,996,2023-07-22
pickebike_aubonne,nan,nan,38,2023-07-22
lime_basel,nan,nan,341,2023-07-22
lime_wetzikon,nan,nan,0,2023-07-22
bird-basel,nan,nan,199,2023-07-22
donkey_freiburg,nan,nan,0,2023-07-22
donkey_kreuzlingen,nan,nan,0,2023-07-22
pickebike_fribourg,nan,nan,89,2023-07-22
donkey_ge,nan,nan,0,2023-07-22
donkey_li,nan,nan,0,2023-07-22
bird-platform-partner-jmfleetswl-biel,nan,nan,37,2023-07-22
bird-zurich,nan,nan,749,2023-07-22
donkey_le_locle,nan,nan,0,2023-07-22
donkey_sion,nan,nan,0,2023-07-22
share_birrer_ch,nan,nan,0,2023-07-22
donkey_yverdon-les-bains,nan,nan,0,2023-07-22
velospot,nan,nan,2186,2023-07-22
2em_cars,nan,nan,0,2023-07-22
mobility,nan,nan,0,2023-07-22
edrivecarsharing,nan,nan,0,2023-07-22
liemobil_liechtenstein,nan,nan,53,2023-07-22
lime_zug,nan,nan,94,2023-07-22
lime_zurich,nan,nan,1136,2023-07-22
donkey_thun,nan,nan,0,2023-07-23
sponticar,nan,nan,0,2023-07-23
carvelo2go,nan,nan,0,2023-07-23
bird-kloten,nan,nan,43,2023-07-23
lime_winterthur,nan,nan,140,2023-07-23
lime_opfikon,nan,nan,76,2023-07-23
bolt_zurich,nan,nan,722,2023-07-23
bird-platform-partner-jmfleets-bulle,nan,nan,138,2023-07-23
pickebike_basel,nan,nan,342,2023-07-23
donkey_neuchatel,nan,nan,0,2023-07-23
lime_uster,nan,nan,106,2023-07-23
nextbike_ch,nan,nan,986,2023-07-23
pickebike_aubonne,nan,nan,36,2023-07-23
lime_basel,nan,nan,359,2023-07-23
lime_wetzikon,nan,nan,0,2023-07-23
bird-basel,nan,nan,197,2023-07-23
donkey_freiburg,nan,nan,0,2023-07-23
donkey_kreuzlingen,nan,nan,0,2023-07-23
pickebike_fribourg,nan,nan,86,2023-07-23
donkey_ge,nan,nan,0,2023-07-23
donkey_li,nan,nan,0,2023-07-23
bird-platform-partner-jmfleetswl-biel,nan,nan,41,2023-07-23
bird-zurich,nan,nan,786,2023-07-23
donkey_le_locle,nan,nan,0,2023-07-23
donkey_sion,nan,nan,0,2023-07-23
share_birrer_ch,nan,nan,0,2023-07-23
donkey_yverdon-les-bains,nan,nan,0,2023-07-23
velospot,nan,nan,2179,2023-07-23
2em_cars,nan,nan,0,2023-07-23
mobility,nan,nan,0,2023-07-23
edrivecarsharing,nan,nan,0,2023-07-23
liemobil_liechtenstein,nan,nan,50,2023-07-23
lime_zug,nan,nan,86,2023-07-23
lime_zurich,nan,nan,1097,2023-07-23
donkey_thun,nan,nan,0,2023-07-24
sponticar,nan,nan,0,2023-07-24
carvelo2go,nan,nan,0,2023-07-24
bird-kloten,nan,nan,48,2023-07-24
lime_winterthur,nan,nan,143,2023-07-24
lime_opfikon,nan,nan,81,2023-07-24
bolt_zurich,nan,nan,721,2023-07-24
bird-platform-partner-jmfleets-bulle,nan,nan,169,2023-07-24
pickebike_basel,nan,nan,359,2023-07-24
donkey_neuchatel,nan,nan,0,2023-07-24
lime_uster,nan,nan,107,2023-07-24
nextbike_ch,nan,nan,984,2023-07-24
pickebike_aubonne,nan,nan,41,2023-07-24
lime_basel,nan,nan,361,2023-07-24
lime_wetzikon,nan,nan,0,2023-07-24
bird-basel,nan,nan,195,2023-07-24
donkey_freiburg,nan,nan,0,2023-07-24
donkey_kreuzlingen,nan,nan,0,2023-07-24
pickebike_fribourg,nan,nan,84,2023-07-24
donkey_ge,nan,nan,0,2023-07-24
donkey_li,nan,nan,0,2023-07-24
bird-platform-partner-jmfleetswl-biel,nan,nan,38,2023-07-24
bird-zurich,nan,nan,795,2023-07-24
donkey_le_locle,nan,nan,0,2023-07-24
donkey_sion,nan,nan,0,2023-07-24
share_birrer_ch,nan,nan,0,2023-07-24
donkey_yverdon-les-bains,nan,nan,0,2023-07-24
velospot,nan,nan,2166,2023-07-24
2em_cars,nan,nan,0,2023-07-24
mobility,nan,nan,0,2023-07-24
edrivecarsharing,nan,nan,0,2023-07-24
liemobil_liechtenstein,nan,nan,51,2023-07-24
lime_zug,nan,nan,93,2023-07-24
lime_zurich,nan,nan,1074,2023-07-24
donkey_thun,nan,nan,0,2023-07-26
sponticar,nan,nan,0,2023-07-26
carvelo2go,nan,nan,0,2023-07-26
bird-kloten,nan,nan,47,2023-07-26
lime_winterthur,nan,nan,141,2023-07-26
lime_opfikon,nan,nan,77,2023-07-26
bolt_zurich,nan,nan,757,2023-07-26
bird-platform-partner-jmfleets-bulle,nan,nan,167,2023-07-26
pickebike_basel,nan,nan,396,2023-07-26
donkey_neuchatel,nan,nan,0,2023-07-26
lime_uster,nan,nan,112,2023-07-26
nextbike_ch,nan,nan,987,2023-07-26
pickebike_aubonne,nan,nan,39,2023-07-26
lime_basel,nan,nan,361,2023-07-26
lime_wetzikon,nan,nan,0,2023-07-26
bird-basel,nan,nan,197,2023-07-26
donkey_freiburg,nan,nan,0,2023-07-26
donkey_kreuzlingen,nan,nan,0,2023-07-26
pickebike_fribourg,nan,nan,89,2023-07-26
donkey_ge,nan,nan,0,2023-07-26
donkey_li,nan,nan,0,2023-07-26
bird-platform-partner-jmfleetswl-biel,nan,nan,43,2023-07-26
bird-zurich,nan,nan,816,2023-07-26
donkey_le_locle,nan,nan,0,2023-07-26
share_birrer_ch,nan,nan,0,2023-07-26
donkey_sion,nan,nan,0,2023-07-26
donkey_yverdon-les-bains,nan,nan,0,2023-07-26
velospot,nan,nan,2182,2023-07-26
2em_cars,nan,nan,0,2023-07-26
mobility,nan,nan,0,2023-07-26
edrivecarsharing,nan,nan,0,2023-07-26
liemobil_liechtenstein,nan,nan,46,2023-07-26
lime_zug,nan,nan,82,2023-07-26
lime_zurich,nan,nan,1167,2023-07-26
donkey_thun,38,163,0,2023-07-27
sponticar,47,3,0,2023-07-27
carvelo2go,321,235,0,2023-07-27
bird-kloten,0,0,nan,2023-07-27
lime_winterthur,1,136,nan,2023-07-27
lime_opfikon,1,74,nan,2023-07-27
bolt_zurich,0,0,809,2023-07-27
bird-platform-partner-jmfleets-bulle,0,0,120,2023-07-27
pickebike_basel,60,23,nan,2023-07-27
donkey_neuchatel,56,255,0,2023-07-27
lime_uster,1,111,nan,2023-07-27
nextbike_ch,295,979,1010,2023-07-27
pickebike_aubonne,12,25,nan,2023-07-27
lime_basel,1,340,nan,2023-07-27
lime_wetzikon,1,0,0,2023-07-27
bird-basel,0,0,nan,2023-07-27
donkey_freiburg,9,12,0,2023-07-27
donkey_kreuzlingen,19,70,0,2023-07-27
pickebike_fribourg,50,14,nan,2023-07-27
donkey_ge,585,823,0,2023-07-27
donkey_li,7,0,0,2023-07-27
bird-platform-partner-jmfleetswl-biel,0,0,40,2023-07-27
bird-zurich,0,0,nan,2023-07-27
donkey_le_locle,10,26,0,2023-07-27
donkey_sion,66,0,0,2023-07-27
share_birrer_ch,19,16,0,2023-07-27
donkey_yverdon-les-bains,80,130,0,2023-07-27
velospot,742,2165,2192,2023-07-27
2em_cars,1279,1279,0,2023-07-27
mobility,1560,0,0,2023-07-27
edrivecarsharing,62,62,0,2023-07-27
liemobil_liechtenstein,25,47,nan,2023-07-27
lime_zug,1,92,nan,2023-07-27
lime_zurich,1,1147,nan,2023-07-27
donkey_thun,38,160,0,2023-07-28
sponticar,47,5,0,2023-07-28
carvelo2go,321,232,0,2023-07-28
bird-kloten,0,0,nan,2023-07-28
lime_winterthur,1,137,nan,2023-07-28
lime_opfikon,1,81,nan,2023-07-28
bolt_zurich,0,0,818,2023-07-28
bird-platform-partner-jmfleets-bulle,0,0,120,2023-07-28
pickebike_basel,60,33,nan,2023-07-28
donkey_neuchatel,56,238,0,2023-07-28
lime_uster,1,100,nan,2023-07-28
nextbike_ch,296,978,1001,2023-07-28
pickebike_aubonne,12,24,nan,2023-07-28
lime_basel,1,334,nan,2023-07-28
lime_wetzikon,1,0,0,2023-07-28
bird-basel,0,0,nan,2023-07-28
donkey_freiburg,9,12,0,2023-07-28
donkey_kreuzlingen,19,70,0,2023-07-28
pickebike_fribourg,50,14,nan,2023-07-28
donkey_ge,585,823,0,2023-07-28
donkey_li,7,0,0,2023-07-28
bird-platform-partner-jmfleetswl-biel,0,0,40,2023-07-28
bird-zurich,0,0,nan,2023-07-28
donkey_le_locle,10,25,0,2023-07-28
donkey_sion,66,0,0,2023-07-28
share_birrer_ch,19,16,0,2023-07-28
donkey_yverdon-les-bains,80,127,0,2023-07-28
velospot,749,2195,2224,2023-07-28
2em_cars,1280,1280,0,2023-07-28
mobility,1561,0,0,2023-07-28
edrivecarsharing,62,62,0,2023-07-28
liemobil_liechtenstein,25,41,nan,2023-07-28
lime_zug,1,89,nan,2023-07-28
lime_zurich,1,1147,nan,2023-07-28
donkey_thun,38,160,0,2023-07-29
sponticar,47,8,0,2023-07-29
carvelo2go,321,262,0,2023-07-29
bird-kloten,0,0,38,2023-07-29
lime_winterthur,1,135,135,2023-07-29
lime_opfikon,1,77,77,2023-07-29
bolt_zurich,0,0,835,2023-07-29
bird-platform-partner-jmfleets-bulle,0,0,120,2023-07-29
pickebike_basel,60,32,377,2023-07-29
donkey_neuchatel,56,244,0,2023-07-29
lime_uster,1,102,102,2023-07-29
nextbike_ch,296,987,1007,2023-07-29
pickebike_aubonne,12,24,37,2023-07-29
lime_basel,1,331,331,2023-07-29
lime_wetzikon,1,0,0,2023-07-29
bird-basel,0,0,193,2023-07-29
donkey_freiburg,9,12,0,2023-07-29
donkey_kreuzlingen,19,68,0,2023-07-29
pickebike_fribourg,50,14,89,2023-07-29
donkey_ge,585,823,0,2023-07-29
donkey_li,7,0,0,2023-07-29
bird-platform-partner-jmfleetswl-biel,0,0,40,2023-07-29
bird-zurich,0,0,798,2023-07-29
donkey_le_locle,10,26,0,2023-07-29
donkey_sion,66,0,0,2023-07-29
share_birrer_ch,19,16,0,2023-07-29
donkey_yverdon-les-bains,80,129,0,2023-07-29
velospot,749,2172,2201,2023-07-29
2em_cars,1280,1280,0,2023-07-29
mobility,1561,1201,0,2023-07-29
edrivecarsharing,62,62,0,2023-07-29
liemobil_liechtenstein,25,40,40,2023-07-29
lime_zug,1,91,91,2023-07-29
lime_zurich,1,1140,1140,2023-07-29
donkey_thun,38,160,0,2023-07-30
sponticar,47,8,0,2023-07-30
carvelo2go,321,262,0,2023-07-30
bird-kloten,0,0,38,2023-07-30
lime_winterthur,1,135,135,2023-07-30
lime_opfikon,1,77,77,2023-07-30
bolt_zurich,0,0,835,2023-07-30
bird-platform-partner-jmfleets-bulle,0,0,120,2023-07-30
pickebike_basel,60,32,377,2023-07-30
donkey_neuchatel,56,244,0,2023-07-30
lime_uster,1,102,102,2023-07-30
nextbike_ch,296,987,1007,2023-07-30
pickebike_aubonne,12,24,37,2023-07-30
lime_basel,1,331,331,2023-07-30
lime_wetzikon,1,0,0,2023-07-30
bird-basel,0,0,193,2023-07-30
donkey_freiburg,9,12,0,2023-07-30
donkey_kreuzlingen,19,68,0,2023-07-30
pickebike_fribourg,50,14,89,2023-07-30
donkey_ge,585,823,0,2023-07-30
donkey_li,7,0,0,2023-07-30
bird-platform-partner-jmfleetswl-biel,0,0,40,2023-07-30
bird-zurich,0,0,798,2023-07-30
donkey_le_locle,10,26,0,2023-07-30
donkey_sion,66,0,0,2023-07-30
share_birrer_ch,19,16,0,2023-07-30
donkey_yverdon-les-bains,80,129,0,2023-07-30
velospot,749,2172,2201,2023-07-30
2em_cars,1280,1280,0,2023-07-30
mobility,1561,1201,0,2023-07-30
edrivecarsharing,62,62,0,2023-07-30
liemobil_liechtenstein,25,40,40,2023-07-30
lime_zug,1,91,91,2023-07-30
lime_zurich,1,1140,1140,2023-07-30
donkey_thun,38,160,0,2023-07-31
sponticar,47,8,0,2023-07-31
carvelo2go,321,262,0,2023-07-31
bird-kloten,0,0,38,2023-07-31
lime_winterthur,1,135,135,2023-07-31
lime_opfikon,1,77,77,2023-07-31
bolt_zurich,0,0,835,2023-07-31
bird-platform-partner-jmfleets-bulle,0,0,120,2023-07-31
pickebike_basel,60,32,377,2023-07-31
donkey_neuchatel,56,244,0,2023-07-31
lime_uster,1,102,102,2023-07-31
nextbike_ch,296,987,1007,2023-07-31
pickebike_aubonne,12,24,37,2023-07-31
lime_basel,1,331,331,2023-07-31
lime_wetzikon,1,0,0,2023-07-31
bird-basel,0,0,193,2023-07-31
donkey_freiburg,9,12,0,2023-07-31
donkey_kreuzlingen,19,68,0,2023-07-31
pickebike_fribourg,50,14,89,2023-07-31
donkey_ge,585,823,0,2023-07-31
donkey_li,7,0,0,2023-07-31
bird-platform-partner-jmfleetswl-biel,0,0,40,2023-07-31
bird-zurich,0,0,798,2023-07-31
donkey_le_locle,10,26,0,2023-07-31
donkey_sion,66,0,0,2023-07-31
share_birrer_ch,19,16,0,2023-07-31
donkey_yverdon-les-bains,80,129,0,2023-07-31
velospot,749,2172,2201,2023-07-31
2em_cars,1280,1280,0,2023-07-31
mobility,1561,1201,0,2023-07-31
edrivecarsharing,62,62,0,2023-07-31
liemobil_liechtenstein,25,40,40,2023-07-31
lime_zug,1,91,91,2023-07-31
lime_zurich,1,1140,1140,2023-07-31
donkey_thun,38,156,0,2023-08-01
sponticar,47,17,0,2023-08-01
carvelo2go,320,27,0,2023-08-01
bird-kloten,0,0,47,2023-08-01
lime_winterthur,1,143,143,2023-08-01
lime_opfikon,1,74,74,2023-08-01
bolt_zurich,0,0,845,2023-08-01
bird-platform-partner-jmfleets-bulle,0,0,120,2023-08-01
pickebike_basel,60,25,378,2023-08-01
donkey_neuchatel,56,227,0,2023-08-01
lime_uster,1,100,100,2023-08-01
nextbike_ch,296,950,991,2023-08-01
pickebike_aubonne,12,39,39,2023-08-01
lime_basel,1,335,335,2023-08-01
lime_wetzikon,1,0,145,2023-08-01
bird-basel,0,0,190,2023-08-01
donkey_freiburg,9,11,0,2023-08-01
donkey_kreuzlingen,19,66,0,2023-08-01
pickebike_fribourg,50,10,83,2023-08-01
donkey_ge,585,741,0,2023-08-01
donkey_li,7,0,0,2023-08-01
bird-platform-partner-jmfleetswl-biel,0,0,40,2023-08-01
bird-zurich,0,0,816,2023-08-01
donkey_le_locle,10,25,0,2023-08-01
donkey_sion,66,0,0,2023-08-01
share_birrer_ch,19,16,0,2023-08-01
donkey_yverdon-les-bains,80,122,0,2023-08-01
velospot,749,2189,2216,2023-08-01
2em_cars,1278,1278,0,2023-08-01
mobility,1561,0,0,2023-08-01
edrivecarsharing,62,62,0,2023-08-01
liemobil_liechtenstein,25,46,46,2023-08-01
lime_zug,1,85,84,2023-08-01
lime_zurich,1,1097,1097,2023-08-01
donkey_thun,38,154,0,2023-08-02
sponticar,46,11,0,2023-08-02
carvelo2go,320,227,0,2023-08-02
bird-kloten,0,0,49,2023-08-02
lime_winterthur,1,137,137,2023-08-02
lime_opfikon,1,62,62,2023-08-02
bolt_zurich,0,0,847,2023-08-02
bird-platform-partner-jmfleets-bulle,0,0,138,2023-08-02
pickebike_basel,62,26,350,2023-08-02
donkey_neuchatel,56,243,0,2023-08-02
lime_uster,1,107,107,2023-08-02
nextbike_ch,296,946,993,2023-08-02
pickebike_aubonne,12,32,37,2023-08-02
lime_basel,1,343,343,2023-08-02
lime_wetzikon,1,0,145,2023-08-02
bird-basel,0,0,190,2023-08-02
donkey_freiburg,9,11,0,2023-08-02
donkey_kreuzlingen,19,70,0,2023-08-02
pickebike_fribourg,50,10,79,2023-08-02
donkey_ge,585,696,0,2023-08-02
donkey_li,7,0,0,2023-08-02
bird-platform-partner-jmfleetswl-biel,0,0,34,2023-08-02
bird-zurich,0,0,795,2023-08-02
donkey_le_locle,10,24,0,2023-08-02
donkey_sion,66,0,0,2023-08-02
share_birrer_ch,19,16,0,2023-08-02
donkey_yverdon-les-bains,80,125,0,2023-08-02
velospot,749,2151,2181,2023-08-02
2em_cars,1284,1284,0,2023-08-02
mobility,1563,0,0,2023-08-02
edrivecarsharing,62,62,0,2023-08-02
liemobil_liechtenstein,25,47,47,2023-08-02
lime_zug,1,73,73,2023-08-02
lime_zurich,1,1121,1121,2023-08-02
sponticar,46,16,0,2023-08-03
carvelo2go,320,255,0,2023-08-03
bird-kloten,0,0,49,2023-08-03
lime_winterthur,1,133,133,2023-08-03
lime_opfikon,1,60,60,2023-08-03
bolt_zurich,0,0,873,2023-08-03
bird-platform-partner-jmfleets-bulle,0,0,136,2023-08-03
pickebike_basel,62,26,364,2023-08-03
donkey_neuchatel,56,233,0,2023-08-03
lime_uster,1,105,105,2023-08-03
nextbike_ch,296,952,1000,2023-08-03
pickebike_aubonne,12,32,38,2023-08-03
lime_basel,1,339,339,2023-08-03
lime_wetzikon,1,0,145,2023-08-03
bird-basel,0,0,189,2023-08-03
donkey_freiburg,9,11,0,2023-08-03
donkey_kreuzlingen,19,68,0,2023-08-03
pickebike_fribourg,50,10,79,2023-08-03
donkey_ge,585,724,0,2023-08-03
donkey_li,7,0,0,2023-08-03
bird-platform-partner-jmfleetswl-biel,0,0,34,2023-08-03
bird-zurich,0,0,778,2023-08-03
donkey_le_locle,10,24,0,2023-08-03
donkey_sion,66,0,0,2023-08-03
share_birrer_ch,19,16,0,2023-08-03
donkey_yverdon-les-bains,80,120,0,2023-08-03
velospot,749,2167,2197,2023-08-03
2em_cars,1284,1284,0,2023-08-03
mobility,1563,0,0,2023-08-03
edrivecarsharing,62,62,0,2023-08-03
liemobil_liechtenstein,25,46,46,2023-08-03
lime_zug,1,73,73,2023-08-03
lime_zurich,1,1112,1112,2023-08-03
sponticar,46,16,0,2023-08-04
carvelo2go,320,255,0,2023-08-04
bird-kloten,0,0,48,2023-08-04
lime_winterthur,1,133,143,2023-08-04
lime_opfikon,1,60,60,2023-08-04
bolt_zurich,0,0,873,2023-08-04
bird-platform-partner-jmfleets-bulle,0,0,136,2023-08-04
pickebike_basel,62,26,364,2023-08-04
donkey_neuchatel,56,233,0,2023-08-04
lime_uster,1,105,105,2023-08-04
nextbike_ch,296,952,1000,2023-08-04
pickebike_aubonne,12,32,38,2023-08-04
lime_basel,1,339,339,2023-08-04
lime_wetzikon,1,0,145,2023-08-04
bird-basel,0,0,189,2023-08-04
donkey_freiburg,9,11,0,2023-08-04
donkey_kreuzlingen,19,68,0,2023-08-04
pickebike_fribourg,50,10,79,2023-08-04
donkey_ge,585,724,0,2023-08-04
donkey_li,7,0,0,2023-08-04
bird-platform-partner-jmfleetswl-biel,0,0,34,2023-08-04
bird-zurich,0,0,778,2023-08-04
donkey_le_locle,10,24,0,2023-08-04
share_birrer_ch,19,16,0,2023-08-04
donkey_sion,66,0,0,2023-08-04
donkey_yverdon-les-bains,80,120,0,2023-08-04
velospot,749,2167,2197,2023-08-04
2em_cars,1284,1284,0,2023-08-04
mobility,1563,0,0,2023-08-04
edrivecarsharing,62,62,0,2023-08-04
liemobil_liechtenstein,25,46,46,2023-08-04
lime_zug,1,73,73,2023-08-04
lime_zurich,1,1112,1112,2023-08-04
sponticar,45,8,0,2023-08-05
carvelo2go,319,185,0,2023-08-05
bird-kloten,0,0,49,2023-08-05
lime_winterthur,1,138,138,2023-08-05
lime_opfikon,1,69,69,2023-08-05
bolt_zurich,0,0,926,2023-08-05
bird-platform-partner-jmfleets-bulle,0,0,137,2023-08-05
pickebike_basel,63,28,407,2023-08-05
donkey_neuchatel,56,260,0,2023-08-05
lime_uster,1,111,111,2023-08-05
nextbike_ch,296,1003,1029,2023-08-05
pickebike_aubonne,12,33,39,2023-08-05
lime_basel,1,370,369,2023-08-05
lime_wetzikon,1,1,1,2023-08-05
bird-basel,0,0,198,2023-08-05
donkey_freiburg,9,10,0,2023-08-05
donkey_kreuzlingen,19,67,0,2023-08-05
pickebike_fribourg,50,12,82,2023-08-05
donkey_ge,582,724,0,2023-08-05
donkey_li,7,0,0,2023-08-05
bird-platform-partner-jmfleetswl-biel,0,0,32,2023-08-05
bird-zurich,0,0,745,2023-08-05
donkey_le_locle,10,23,0,2023-08-05
share_birrer_ch,19,16,0,2023-08-05
donkey_sion,66,0,0,2023-08-05
donkey_yverdon-les-bains,80,130,0,2023-08-05
velospot,749,2180,2208,2023-08-05
2em_cars,1293,1293,0,2023-08-05
mobility,1563,0,0,2023-08-05
edrivecarsharing,62,62,0,2023-08-05
liemobil_liechtenstein,25,47,47,2023-08-05
lime_zug,1,84,84,2023-08-05
lime_zurich,1,1139,1139,2023-08-05
donkey_thun,38,158,0,2023-08-05
sponticar,45,7,0,2023-08-06
carvelo2go,319,107,0,2023-08-06
bird-kloten,0,0,46,2023-08-06
lime_winterthur,1,129,129,2023-08-06
lime_opfikon,1,64,64,2023-08-06
bolt_zurich,0,0,925,2023-08-06
bird-platform-partner-jmfleets-bulle,0,0,139,2023-08-06
pickebike_basel,63,29,382,2023-08-06
donkey_neuchatel,56,254,0,2023-08-06
lime_uster,1,108,108,2023-08-06
nextbike_ch,296,991,1034,2023-08-06
pickebike_aubonne,12,30,39,2023-08-06
lime_basel,1,364,364,2023-08-06
lime_wetzikon,1,0,1,2023-08-06
bird-basel,0,0,201,2023-08-06
donkey_freiburg,9,10,0,2023-08-06
donkey_kreuzlingen,19,66,0,2023-08-06
pickebike_fribourg,50,14,81,2023-08-06
donkey_ge,582,680,0,2023-08-06
donkey_li,7,0,0,2023-08-06
bird-platform-partner-jmfleetswl-biel,0,0,29,2023-08-06
bird-zurich,0,0,735,2023-08-06
donkey_le_locle,10,20,0,2023-08-06
share_birrer_ch,19,16,0,2023-08-06
donkey_sion,66,0,0,2023-08-06
donkey_yverdon-les-bains,80,132,0,2023-08-06
velospot,749,2171,2200,2023-08-06
2em_cars,1297,1297,0,2023-08-06
mobility,1563,0,0,2023-08-06
edrivecarsharing,62,62,0,2023-08-06
liemobil_liechtenstein,25,46,46,2023-08-06
lime_zug,1,74,74,2023-08-06
lime_zurich,1,1110,1110,2023-08-06
donkey_thun,38,148,0,2023-08-06
sponticar,45,8,0,2023-08-07
carvelo2go,319,207,0,2023-08-07
bird-kloten,0,0,50,2023-08-07
lime_winterthur,1,135,135,2023-08-07
lime_opfikon,1,66,66,2023-08-07
bolt_zurich,0,0,920,2023-08-07
bird-platform-partner-jmfleets-bulle,0,0,143,2023-08-07
pickebike_basel,63,29,335,2023-08-07
donkey_neuchatel,56,241,0,2023-08-07
lime_uster,1,112,112,2023-08-07
nextbike_ch,296,978,1016,2023-08-07
pickebike_aubonne,12,25,35,2023-08-07
lime_basel,1,364,364,2023-08-07
lime_wetzikon,1,0,1,2023-08-07
bird-basel,0,0,200,2023-08-07
donkey_freiburg,9,10,0,2023-08-07
donkey_kreuzlingen,19,62,0,2023-08-07
pickebike_fribourg,50,14,77,2023-08-07
donkey_ge,582,644,0,2023-08-07
donkey_li,7,0,0,2023-08-07
bird-platform-partner-jmfleetswl-biel,0,0,31,2023-08-07
donkey_le_locle,10,20,0,2023-08-07
share_birrer_ch,19,16,0,2023-08-07
donkey_sion,66,0,0,2023-08-07
donkey_yverdon-les-bains,80,117,0,2023-08-07
velospot,749,2176,2207,2023-08-07
2em_cars,1301,1301,0,2023-08-07
mobility,1563,0,0,2023-08-07
edrivecarsharing,62,62,0,2023-08-07
liemobil_liechtenstein,25,46,46,2023-08-07
lime_zug,1,66,66,2023-08-07
lime_zurich,1,1090,1092,2023-08-07
donkey_thun,38,152,0,2023-08-07
sponticar,45,12,0,2023-08-08
carvelo2go,320,241,0,2023-08-08
bird-kloten,0,0,49,2023-08-08
lime_winterthur,nan,nan,135,2023-08-08
lime_opfikon,nan,nan,65,2023-08-08
bolt_zurich,0,0,935,2023-08-08
bird-platform-partner-jmfleets-bulle,0,0,130,2023-08-08
pickebike_basel,63,29,374,2023-08-08
donkey_neuchatel,nan,nan,0,2023-08-08
lime_uster,nan,nan,106,2023-08-08
nextbike_ch,nan,nan,1002,2023-08-08
pickebike_aubonne,12,25,42,2023-08-08
lime_basel,nan,nan,340,2023-08-08
lime_wetzikon,nan,nan,1,2023-08-08
bird-basel,0,0,201,2023-08-08
donkey_freiburg,nan,nan,0,2023-08-08
donkey_kreuzlingen,nan,nan,0,2023-08-08
pickebike_fribourg,50,14,73,2023-08-08
donkey_ge,nan,nan,0,2023-08-08
donkey_li,nan,nan,0,2023-08-08
bird-platform-partner-jmfleetswl-biel,0,0,38,2023-08-08
bird-zurich,0,0,766,2023-08-08
donkey_le_locle,nan,nan,0,2023-08-08
share_birrer_ch,nan,nan,0,2023-08-08
donkey_sion,nan,nan,0,2023-08-08
donkey_yverdon-les-bains,nan,nan,0,2023-08-08
velospot,nan,nan,2224,2023-08-08
2em_cars,nan,nan,0,2023-08-08
mobility,1561,0,0,2023-08-08
edrivecarsharing,62,62,0,2023-08-08
liemobil_liechtenstein,25,46,46,2023-08-08
lime_zug,nan,nan,83,2023-08-08
lime_zurich,nan,nan,1123,2023-08-08
donkey_thun,nan,nan,0,2023-08-08
bird-grenchen,0,0,46,2023-08-08
bird-biel,0,0,148,2023-08-08
sponticar,45,8,0,2023-08-09
carvelo2go,320,239,0,2023-08-09
bird-kloten,0,0,50,2023-08-09
lime_winterthur,nan,nan,127,2023-08-09
lime_opfikon,nan,nan,64,2023-08-09
bolt_zurich,0,0,965,2023-08-09
bird-platform-partner-jmfleets-bulle,0,0,140,2023-08-09
pickebike_basel,63,29,387,2023-08-09
donkey_neuchatel,nan,nan,0,2023-08-09
lime_uster,nan,nan,108,2023-08-09
nextbike_ch,nan,nan,1028,2023-08-09
pickebike_aubonne,12,25,40,2023-08-09
lime_basel,nan,nan,354,2023-08-09
lime_wetzikon,nan,nan,1,2023-08-09
bird-basel,0,0,192,2023-08-09
donkey_freiburg,nan,nan,0,2023-08-09
donkey_kreuzlingen,nan,nan,0,2023-08-09
pickebike_fribourg,50,14,81,2023-08-09
donkey_ge,nan,nan,0,2023-08-09
donkey_li,nan,nan,0,2023-08-09
bird-platform-partner-jmfleetswl-biel,0,0,37,2023-08-09
bird-zurich,0,0,782,2023-08-09
donkey_le_locle,nan,nan,0,2023-08-09
share_birrer_ch,nan,nan,0,2023-08-09
donkey_sion,nan,nan,0,2023-08-09
donkey_yverdon-les-bains,nan,nan,0,2023-08-09
velospot,nan,nan,2229,2023-08-09
2em_cars,nan,nan,0,2023-08-09
mobility,1561,1239,0,2023-08-09
edrivecarsharing,63,63,0,2023-08-09
liemobil_liechtenstein,25,46,48,2023-08-09
lime_zug,nan,nan,85,2023-08-09
lime_zurich,nan,nan,1092,2023-08-09
donkey_thun,nan,nan,0,2023-08-09
bird-grenchen,0,0,41,2023-08-09
bird-biel,0,0,153,2023-08-09
sponticar,45,10,0,2023-08-10
carvelo2go,320,233,0,2023-08-10
bird-kloten,0,0,49,2023-08-10
lime_winterthur,nan,nan,136,2023-08-10
lime_opfikon,nan,nan,61,2023-08-10
bolt_zurich,0,0,1006,2023-08-10
bird-platform-partner-jmfleets-bulle,0,0,127,2023-08-10
pickebike_basel,nan,nan,388,2023-08-10
donkey_neuchatel,nan,nan,0,2023-08-10
lime_uster,nan,nan,93,2023-08-10
nextbike_ch,nan,nan,1027,2023-08-10
pickebike_aubonne,nan,nan,40,2023-08-10
lime_basel,nan,nan,356,2023-08-10
lime_wetzikon,nan,nan,1,2023-08-10
bird-basel,0,0,194,2023-08-10
donkey_freiburg,nan,nan,0,2023-08-10
donkey_kreuzlingen,nan,nan,0,2023-08-10
pickebike_fribourg,nan,nan,77,2023-08-10
donkey_ge,nan,nan,0,2023-08-10
donkey_li,nan,nan,0,2023-08-10
bird-platform-partner-jmfleetswl-biel,0,0,38,2023-08-10
bird-zurich,0,0,761,2023-08-10
donkey_le_locle,nan,nan,0,2023-08-10
share_birrer_ch,nan,nan,0,2023-08-10
donkey_sion,nan,nan,0,2023-08-10
donkey_yverdon-les-bains,nan,nan,0,2023-08-10
velospot,nan,nan,2229,2023-08-10
2em_cars,nan,nan,0,2023-08-10
mobility,1561,0,0,2023-08-10
edrivecarsharing,63,63,0,2023-08-10
liemobil_liechtenstein,nan,nan,47,2023-08-10
lime_zug,nan,nan,76,2023-08-10
lime_zurich,nan,nan,1107,2023-08-10
donkey_thun,nan,nan,0,2023-08-10
bird-grenchen,0,0,41,2023-08-10
bird-biel,0,0,128,2023-08-10
sponticar,45,18,0,2023-08-11
carvelo2go,320,254,0,2023-08-11
bird-kloten,0,0,48,2023-08-11
lime_winterthur,nan,nan,129,2023-08-11
lime_opfikon,nan,nan,60,2023-08-11
bolt_zurich,0,0,1005,2023-08-11
bird-platform-partner-jmfleets-bulle,0,0,146,2023-08-11
pickebike_basel,nan,nan,387,2023-08-11
donkey_neuchatel,nan,nan,0,2023-08-11
lime_uster,nan,nan,92,2023-08-11
nextbike_ch,nan,nan,1018,2023-08-11
pickebike_aubonne,nan,nan,37,2023-08-11
lime_basel,nan,nan,342,2023-08-11
lime_wetzikon,nan,nan,1,2023-08-11
bird-basel,nan,nan,194,2023-08-11
donkey_freiburg,nan,nan,0,2023-08-11
donkey_kreuzlingen,nan,nan,0,2023-08-11
pickebike_fribourg,nan,nan,77,2023-08-11
donkey_ge,nan,nan,0,2023-08-11
donkey_li,nan,nan,0,2023-08-11
bird-platform-partner-jmfleetswl-biel,0,0,38,2023-08-11
bird-zurich,0,0,786,2023-08-11
donkey_le_locle,nan,nan,0,2023-08-11
share_birrer_ch,nan,nan,0,2023-08-11
donkey_sion,nan,nan,0,2023-08-11
donkey_yverdon-les-bains,nan,nan,0,2023-08-11
velospot,nan,nan,2224,2023-08-11
2em_cars,nan,nan,0,2023-08-11
mobility,1,2,0,2023-08-11
edrivecarsharing,63,63,0,2023-08-11
liemobil_liechtenstein,nan,nan,46,2023-08-11
lime_zug,nan,nan,74,2023-08-11
lime_zurich,nan,nan,1103,2023-08-11
donkey_thun,nan,nan,0,2023-08-11
bird-grenchen,0,0,39,2023-08-11
bird-biel,0,0,124,2023-08-11
sponticar,45,18,0,2023-08-12
carvelo2go,320,254,0,2023-08-12
bird-kloten,0,0,48,2023-08-12
lime_winterthur,nan,nan,129,2023-08-12
lime_opfikon,nan,nan,60,2023-08-12
bolt_zurich,0,0,1005,2023-08-12
bird-platform-partner-jmfleets-bulle,0,0,146,2023-08-12
pickebike_basel,nan,nan,387,2023-08-12
donkey_neuchatel,nan,nan,0,2023-08-12
lime_uster,nan,nan,92,2023-08-12
nextbike_ch,nan,nan,1018,2023-08-12
pickebike_aubonne,nan,nan,37,2023-08-12
lime_basel,nan,nan,342,2023-08-12
lime_wetzikon,nan,nan,1,2023-08-12
bird-basel,0,0,194,2023-08-12
donkey_freiburg,nan,nan,0,2023-08-12
donkey_kreuzlingen,nan,nan,0,2023-08-12
pickebike_fribourg,nan,nan,77,2023-08-12
donkey_ge,nan,nan,0,2023-08-12
donkey_li,nan,nan,0,2023-08-12
bird-platform-partner-jmfleetswl-biel,0,0,38,2023-08-12
bird-zurich,0,0,786,2023-08-12
donkey_le_locle,nan,nan,0,2023-08-12
share_birrer_ch,nan,nan,0,2023-08-12
donkey_sion,nan,nan,0,2023-08-12
donkey_yverdon-les-bains,nan,nan,0,2023-08-12
velospot,nan,nan,2224,2023-08-12
2em_cars,nan,nan,0,2023-08-12
mobility,1,0,0,2023-08-12
edrivecarsharing,63,63,0,2023-08-12
liemobil_liechtenstein,nan,nan,46,2023-08-12
lime_zug,nan,nan,74,2023-08-12
lime_zurich,nan,nan,1103,2023-08-12
donkey_thun,nan,nan,0,2023-08-12
bird-grenchen,0,0,39,2023-08-12
bird-biel,0,0,124,2023-08-12
sponticar,45,18,0,2023-08-13
carvelo2go,320,254,0,2023-08-13
bird-kloten,0,0,48,2023-08-13
lime_winterthur,nan,nan,129,2023-08-13
lime_opfikon,nan,nan,60,2023-08-13
bolt_zurich,0,0,1005,2023-08-13
bird-platform-partner-jmfleets-bulle,0,0,146,2023-08-13
pickebike_basel,nan,nan,387,2023-08-13
donkey_neuchatel,nan,nan,0,2023-08-13
lime_uster,nan,nan,92,2023-08-13
nextbike_ch,nan,nan,1018,2023-08-13
pickebike_aubonne,nan,nan,37,2023-08-13
lime_basel,nan,nan,342,2023-08-13
lime_wetzikon,nan,nan,1,2023-08-13
bird-basel,0,0,194,2023-08-13
donkey_freiburg,nan,nan,0,2023-08-13
donkey_kreuzlingen,nan,nan,0,2023-08-13
pickebike_fribourg,nan,nan,77,2023-08-13
donkey_ge,nan,nan,0,2023-08-13
donkey_li,nan,nan,0,2023-08-13
bird-platform-partner-jmfleetswl-biel,0,0,38,2023-08-13
bird-zurich,0,0,786,2023-08-13
donkey_le_locle,nan,nan,0,2023-08-13
share_birrer_ch,nan,nan,0,2023-08-13
donkey_sion,nan,nan,0,2023-08-13
donkey_yverdon-les-bains,nan,nan,0,2023-08-13
velospot,nan,nan,2224,2023-08-13
2em_cars,nan,nan,0,2023-08-13
mobility,1,0,0,2023-08-13
edrivecarsharing,63,63,0,2023-08-13
liemobil_liechtenstein,nan,nan,46,2023-08-13
lime_zug,nan,nan,74,2023-08-13
lime_zurich,nan,nan,1103,2023-08-13
donkey_thun,nan,nan,0,2023-08-13
bird-grenchen,0,0,39,2023-08-13
bird-biel,0,0,124,2023-08-13
sponticar,45,18,0,2023-08-14
carvelo2go,320,254,0,2023-08-14
bird-kloten,0,0,48,2023-08-14
lime_winterthur,nan,nan,129,2023-08-14
lime_opfikon,nan,nan,60,2023-08-14
bolt_zurich,0,0,1005,2023-08-14
bird-platform-partner-jmfleets-bulle,0,0,146,2023-08-14
pickebike_basel,nan,nan,387,2023-08-14
donkey_neuchatel,nan,nan,0,2023-08-14
lime_uster,nan,nan,92,2023-08-14
nextbike_ch,nan,nan,1018,2023-08-14
pickebike_aubonne,nan,nan,37,2023-08-14
lime_basel,nan,nan,342,2023-08-14
lime_wetzikon,nan,nan,1,2023-08-14
bird-basel,0,0,194,2023-08-14
donkey_freiburg,nan,nan,0,2023-08-14
donkey_kreuzlingen,nan,nan,0,2023-08-14
pickebike_fribourg,nan,nan,77,2023-08-14
donkey_ge,nan,nan,0,2023-08-14
donkey_li,nan,nan,0,2023-08-14
bird-platform-partner-jmfleetswl-biel,0,0,38,2023-08-14
bird-zurich,0,0,786,2023-08-14
donkey_le_locle,nan,nan,0,2023-08-14
donkey_sion,nan,nan,0,2023-08-14
share_birrer_ch,nan,nan,0,2023-08-14
donkey_yverdon-les-bains,nan,nan,0,2023-08-14
velospot,nan,nan,2224,2023-08-14
2em_cars,nan,nan,0,2023-08-14
mobility,1,0,0,2023-08-14
edrivecarsharing,63,63,0,2023-08-14
liemobil_liechtenstein,nan,nan,46,2023-08-14
lime_zug,nan,nan,74,2023-08-14
lime_zurich,nan,nan,1103,2023-08-14
donkey_thun,nan,nan,0,2023-08-14
bird-grenchen,0,0,39,2023-08-14
bird-biel,0,0,124,2023-08-14
sponticar,45,18,0,2023-08-15
carvelo2go,320,254,0,2023-08-15
bird-kloten,0,0,48,2023-08-15
lime_winterthur,nan,nan,129,2023-08-15
lime_opfikon,nan,nan,60,2023-08-15
bolt_zurich,0,0,1005,2023-08-15
bird-platform-partner-jmfleets-bulle,0,0,146,2023-08-15
pickebike_basel,nan,nan,387,2023-08-15
donkey_neuchatel,nan,nan,0,2023-08-15
lime_uster,nan,nan,92,2023-08-15
nextbike_ch,nan,nan,1018,2023-08-15
pickebike_aubonne,nan,nan,37,2023-08-15
lime_basel,nan,nan,342,2023-08-15
lime_wetzikon,nan,nan,1,2023-08-15
bird-basel,0,0,194,2023-08-15
donkey_freiburg,nan,nan,0,2023-08-15
donkey_kreuzlingen,nan,nan,0,2023-08-15
pickebike_fribourg,nan,nan,77,2023-08-15
donkey_ge,nan,nan,0,2023-08-15
donkey_li,nan,nan,0,2023-08-15
bird-platform-partner-jmfleetswl-biel,0,0,38,2023-08-15
bird-zurich,0,0,786,2023-08-15
donkey_le_locle,nan,nan,0,2023-08-15
donkey_sion,nan,nan,0,2023-08-15
share_birrer_ch,nan,nan,0,2023-08-15
donkey_yverdon-les-bains,nan,nan,0,2023-08-15
velospot,nan,nan,2224,2023-08-15
2em_cars,nan,nan,0,2023-08-15
mobility,1,0,0,2023-08-15
edrivecarsharing,63,63,0,2023-08-15
liemobil_liechtenstein,nan,nan,46,2023-08-15
lime_zug,nan,nan,74,2023-08-15
lime_zurich,nan,nan,1103,2023-08-15
donkey_thun,nan,nan,0,2023-08-15
bird-grenchen,0,0,39,2023-08-15
bird-biel,0,0,124,2023-08-15
sponticar,46,9,0,2023-08-16
carvelo2go,321,228,0,2023-08-16
bird-kloten,0,0,50,2023-08-16
lime_winterthur,nan,nan,143,2023-08-16
lime_opfikon,nan,nan,64,2023-08-16
bolt_zurich,0,0,1019,2023-08-16
bird-platform-partner-jmfleets-bulle,0,0,105,2023-08-16
pickebike_basel,nan,nan,371,2023-08-16
donkey_neuchatel,nan,nan,0,2023-08-16
lime_uster,nan,nan,109,2023-08-16
nextbike_ch,nan,nan,1007,2023-08-16
pickebike_aubonne,nan,nan,39,2023-08-16
lime_basel,nan,nan,357,2023-08-16
lime_wetzikon,nan,nan,1,2023-08-16
bird-basel,0,0,190,2023-08-16
donkey_freiburg,nan,nan,0,2023-08-16
donkey_kreuzlingen,nan,nan,0,2023-08-16
pickebike_fribourg,nan,nan,83,2023-08-16
donkey_ge,nan,nan,0,2023-08-16
donkey_li,nan,nan,0,2023-08-16
bird-platform-partner-jmfleetswl-biel,0,0,31,2023-08-16
bird-zurich,0,0,788,2023-08-16
donkey_le_locle,nan,nan,0,2023-08-16
share_birrer_ch,nan,nan,0,2023-08-16
donkey_sion,nan,nan,0,2023-08-16
donkey_yverdon-les-bains,nan,nan,0,2023-08-16
velospot,nan,nan,2215,2023-08-16
2em_cars,nan,nan,0,2023-08-16
mobility,nan,nan,0,2023-08-16
edrivecarsharing,64,64,0,2023-08-16
liemobil_liechtenstein,nan,nan,43,2023-08-16
lime_zug,nan,nan,81,2023-08-16
lime_zurich,nan,nan,1094,2023-08-16
donkey_thun,nan,nan,0,2023-08-16
bird-grenchen,0,0,41,2023-08-16
bird-biel,0,0,159,2023-08-16
sponticar,46,9,0,2023-08-17
carvelo2go,321,238,0,2023-08-17
bird-kloten,0,0,49,2023-08-17
lime_winterthur,nan,nan,142,2023-08-17
lime_opfikon,nan,nan,81,2023-08-17
bolt_zurich,0,0,1002,2023-08-17
bird-platform-partner-jmfleets-bulle,0,0,120,2023-08-17
pickebike_basel,63,26,389,2023-08-17
donkey_neuchatel,56,256,0,2023-08-17
lime_uster,0,0,101,2023-08-17
nextbike_ch,296,1050,1077,2023-08-17
pickebike_aubonne,12,35,39,2023-08-17
lime_basel,nan,nan,374,2023-08-17
lime_wetzikon,nan,nan,1,2023-08-17
bird-basel,0,0,189,2023-08-17
donkey_freiburg,nan,nan,0,2023-08-17
donkey_kreuzlingen,18,72,0,2023-08-17
pickebike_fribourg,50,10,81,2023-08-17
donkey_ge,586,684,0,2023-08-17
donkey_li,nan,nan,0,2023-08-17
bird-platform-partner-jmfleetswl-biel,0,0,33,2023-08-17
bird-zurich,0,0,790,2023-08-17
donkey_le_locle,10,20,0,2023-08-17
share_birrer_ch,20,17,0,2023-08-17
donkey_sion,nan,nan,0,2023-08-17
donkey_yverdon-les-bains,81,112,0,2023-08-17
velospot,749,2194,2228,2023-08-17
2em_cars,1343,1343,0,2023-08-17
mobility,nan,nan,0,2023-08-17
edrivecarsharing,64,64,0,2023-08-17
liemobil_liechtenstein,25,43,43,2023-08-17
lime_zug,nan,nan,94,2023-08-17
lime_zurich,1,1081,1081,2023-08-17
donkey_thun,39,149,0,2023-08-17
bird-grenchen,0,0,42,2023-08-17
bird-biel,0,0,140,2023-08-17
sponticar,46,8,0,2023-08-18
carvelo2go,321,241,0,2023-08-18
bird-kloten,0,0,48,2023-08-18
lime_winterthur,nan,nan,149,2023-08-18
lime_opfikon,nan,nan,94,2023-08-18
bolt_zurich,0,0,1011,2023-08-18
bird-platform-partner-jmfleets-bulle,0,0,140,2023-08-18
pickebike_basel,63,31,375,2023-08-18
donkey_neuchatel,56,259,0,2023-08-18
lime_uster,0,0,111,2023-08-18
nextbike_ch,296,1052,1083,2023-08-18
pickebike_aubonne,12,30,36,2023-08-18
lime_basel,nan,nan,382,2023-08-18
lime_wetzikon,nan,nan,1,2023-08-18
bird-basel,0,0,195,2023-08-18
donkey_kreuzlingen,18,68,0,2023-08-18
pickebike_fribourg,50,10,81,2023-08-18
donkey_ge,586,688,0,2023-08-18
bird-platform-partner-jmfleetswl-biel,0,0,32,2023-08-18
bird-zurich,0,0,776,2023-08-18
donkey_le_locle,10,18,0,2023-08-18
share_birrer_ch,20,14,0,2023-08-18
donkey_yverdon-les-bains,81,122,0,2023-08-18
velospot,749,2188,2222,2023-08-18
2em_cars,1344,1344,0,2023-08-18
mobility,nan,nan,0,2023-08-18
edrivecarsharing,64,64,0,2023-08-18
liemobil_liechtenstein,25,43,43,2023-08-18
lime_zug,nan,nan,101,2023-08-18
lime_zurich,1,1072,1072,2023-08-18
donkey_thun,39,154,0,2023-08-18
bird-grenchen,0,0,48,2023-08-18
bird-biel,0,0,142,2023-08-18
sponticar,46,5,0,2023-08-19
carvelo2go,321,190,0,2023-08-19
bird-kloten,0,0,47,2023-08-19
lime_winterthur,nan,nan,143,2023-08-19
lime_opfikon,nan,nan,73,2023-08-19
bolt_zurich,0,0,1015,2023-08-19
bird-platform-partner-jmfleets-bulle,0,0,155,2023-08-19
pickebike_basel,65,15,254,2023-08-19
donkey_neuchatel,56,259,0,2023-08-19
lime_uster,0,0,111,2023-08-19
nextbike_ch,296,1085,1106,2023-08-19
pickebike_aubonne,12,37,39,2023-08-19
lime_basel,nan,nan,373,2023-08-19
lime_wetzikon,nan,nan,1,2023-08-19
bird-basel,0,0,193,2023-08-19
donkey_kreuzlingen,18,73,0,2023-08-19
pickebike_fribourg,50,10,86,2023-08-19
donkey_ge,587,682,0,2023-08-19
bird-platform-partner-jmfleetswl-biel,0,0,24,2023-08-19
bird-zurich,0,0,776,2023-08-19
donkey_le_locle,10,15,0,2023-08-19
share_birrer_ch,20,17,0,2023-08-19
donkey_yverdon-les-bains,81,126,0,2023-08-19
velospot,749,2190,2225,2023-08-19
2em_cars,1350,1350,0,2023-08-19
mobility,nan,nan,0,2023-08-19
edrivecarsharing,64,64,0,2023-08-19
liemobil_liechtenstein,25,51,51,2023-08-19
lime_zug,nan,nan,90,2023-08-19
lime_zurich,1,1138,1138,2023-08-19
donkey_thun,39,158,0,2023-08-19
bird-grenchen,0,0,46,2023-08-19
bird-biel,0,0,134,2023-08-19
sponticar,46,4,0,2023-08-20
carvelo2go,321,95,0,2023-08-20
bird-kloten,0,0,49,2023-08-20
lime_winterthur,nan,nan,146,2023-08-20
lime_opfikon,nan,nan,81,2023-08-20
bolt_zurich,0,0,1008,2023-08-20
bird-platform-partner-jmfleets-bulle,0,0,147,2023-08-20
pickebike_basel,65,36,328,2023-08-20
donkey_neuchatel,57,241,0,2023-08-20
lime_uster,0,0,88,2023-08-20
nextbike_ch,296,1052,1088,2023-08-20
pickebike_aubonne,12,37,39,2023-08-20
lime_basel,nan,nan,384,2023-08-20
lime_wetzikon,nan,nan,1,2023-08-20
bird-basel,0,0,192,2023-08-20
donkey_kreuzlingen,18,73,0,2023-08-20
pickebike_fribourg,50,9,84,2023-08-20
donkey_ge,587,613,0,2023-08-20
bird-platform-partner-jmfleetswl-biel,0,0,29,2023-08-20
bird-zurich,0,0,802,2023-08-20
donkey_le_locle,10,16,0,2023-08-20
share_birrer_ch,20,18,0,2023-08-20
donkey_yverdon-les-bains,81,115,0,2023-08-20
velospot,749,2185,2222,2023-08-20
2em_cars,1350,1350,0,2023-08-20
mobility,nan,nan,0,2023-08-20
edrivecarsharing,64,64,0,2023-08-20
liemobil_liechtenstein,25,54,54,2023-08-20
lime_zug,nan,nan,100,2023-08-20
lime_zurich,1,1109,1110,2023-08-20
donkey_thun,39,150,0,2023-08-20
bird-grenchen,0,0,44,2023-08-20
bird-biel,0,0,134,2023-08-20
sponticar,46,9,0,2023-08-21
carvelo2go,321,209,0,2023-08-21
bird-kloten,0,0,48,2023-08-21
lime_winterthur,nan,nan,144,2023-08-21
lime_opfikon,nan,nan,80,2023-08-21
bolt_zurich,0,0,993,2023-08-21
bird-platform-partner-jmfleets-bulle,0,0,121,2023-08-21
pickebike_basel,63,35,335,2023-08-21
donkey_neuchatel,57,245,0,2023-08-21
lime_uster,0,0,114,2023-08-21
nextbike_ch,296,1056,1082,2023-08-21
pickebike_aubonne,12,35,38,2023-08-21
lime_basel,nan,nan,355,2023-08-21
lime_wetzikon,nan,nan,1,2023-08-21
bird-basel,0,0,197,2023-08-21
donkey_kreuzlingen,18,74,0,2023-08-21
pickebike_fribourg,50,7,84,2023-08-21
donkey_ge,587,608,0,2023-08-21
bird-platform-partner-jmfleetswl-biel,0,0,32,2023-08-21
bird-zurich,0,0,808,2023-08-21
donkey_le_locle,10,16,0,2023-08-21
share_birrer_ch,20,15,0,2023-08-21
donkey_yverdon-les-bains,81,103,0,2023-08-21
velospot,749,2183,2220,2023-08-21
2em_cars,1353,1353,0,2023-08-21
mobility,nan,nan,0,2023-08-21
edrivecarsharing,64,64,0,2023-08-21
liemobil_liechtenstein,25,54,54,2023-08-21
lime_zug,nan,nan,90,2023-08-21
lime_zurich,1,1081,1081,2023-08-21
donkey_thun,39,147,0,2023-08-21
bird-grenchen,0,0,45,2023-08-21
bird-biel,0,0,134,2023-08-21
sponticar,46,12,0,2023-08-22
carvelo2go,322,245,0,2023-08-22
bird-kloten,0,0,46,2023-08-22
lime_winterthur,nan,nan,147,2023-08-22
lime_opfikon,nan,nan,88,2023-08-22
bolt_zurich,0,0,987,2023-08-22
bird-platform-partner-jmfleets-bulle,0,0,133,2023-08-22
pickebike_basel,63,27,325,2023-08-22
donkey_neuchatel,56,260,0,2023-08-22
lime_uster,0,0,114,2023-08-22
nextbike_ch,296,1052,1075,2023-08-22
pickebike_aubonne,12,40,43,2023-08-22
lime_basel,nan,nan,371,2023-08-22
lime_wetzikon,nan,nan,1,2023-08-22
bird-basel,0,0,192,2023-08-22
donkey_kreuzlingen,18,71,0,2023-08-22
pickebike_fribourg,50,7,80,2023-08-22
donkey_ge,588,638,0,2023-08-22
bird-platform-partner-jmfleetswl-biel,0,0,31,2023-08-22
bird-zurich,0,0,797,2023-08-22
donkey_le_locle,10,16,0,2023-08-22
share_birrer_ch,20,13,0,2023-08-22
donkey_yverdon-les-bains,81,103,0,2023-08-22
velospot,749,2210,2249,2023-08-22
2em_cars,1358,1358,0,2023-08-22
mobility,nan,nan,0,2023-08-22
edrivecarsharing,64,64,0,2023-08-22
liemobil_liechtenstein,25,52,52,2023-08-22
lime_zug,nan,nan,100,2023-08-22
lime_zurich,1,1098,1098,2023-08-22
donkey_thun,39,156,0,2023-08-22
bird-grenchen,0,0,48,2023-08-22
bird-biel,0,0,148,2023-08-22
sponticar,46,9,0,2023-08-23
carvelo2go,323,239,0,2023-08-23
bird-kloten,0,0,46,2023-08-23
lime_winterthur,nan,nan,151,2023-08-23
lime_opfikon,nan,nan,69,2023-08-23
bolt_zurich,0,0,975,2023-08-23
bird-platform-partner-jmfleets-bulle,0,0,157,2023-08-23
pickebike_basel,63,23,336,2023-08-23
donkey_neuchatel,56,258,0,2023-08-23
lime_uster,0,0,116,2023-08-23
nextbike_ch,296,1040,1071,2023-08-23
pickebike_aubonne,12,32,40,2023-08-23
lime_basel,nan,nan,363,2023-08-23
lime_wetzikon,nan,nan,1,2023-08-23
bird-basel,0,0,194,2023-08-23
donkey_kreuzlingen,18,74,0,2023-08-23
pickebike_fribourg,50,7,77,2023-08-23
donkey_ge,587,684,0,2023-08-23
bird-platform-partner-jmfleetswl-biel,0,0,28,2023-08-23
bird-zurich,0,0,785,2023-08-23
donkey_le_locle,10,19,0,2023-08-23
share_birrer_ch,20,12,0,2023-08-23
donkey_yverdon-les-bains,81,125,0,2023-08-23
velospot,750,2156,2195,2023-08-23
2em_cars,1357,1357,0,2023-08-23
mobility,nan,nan,0,2023-08-23
edrivecarsharing,65,65,0,2023-08-23
liemobil_liechtenstein,25,49,50,2023-08-23
lime_zug,nan,nan,88,2023-08-23
lime_zurich,1,1114,1116,2023-08-23
donkey_thun,39,165,0,2023-08-23
bird-grenchen,0,0,43,2023-08-23
bird-biel,0,0,142,2023-08-23
sponticar,47,12,0,2023-08-24
carvelo2go,324,242,0,2023-08-24
bird-kloten,0,0,45,2023-08-24
lime_winterthur,nan,nan,148,2023-08-24
lime_opfikon,nan,nan,78,2023-08-24
bolt_zurich,0,0,1001,2023-08-24
bird-platform-partner-jmfleets-bulle,0,0,133,2023-08-24
pickebike_basel,63,25,359,2023-08-24
donkey_neuchatel,57,257,0,2023-08-24
lime_uster,0,0,108,2023-08-24
nextbike_ch,296,1034,1066,2023-08-24
pickebike_aubonne,12,32,40,2023-08-24
lime_basel,nan,nan,362,2023-08-24
lime_wetzikon,nan,nan,1,2023-08-24
bird-basel,0,0,195,2023-08-24
donkey_kreuzlingen,18,74,0,2023-08-24
pickebike_fribourg,50,6,76,2023-08-24
donkey_ge,587,677,0,2023-08-24
bird-platform-partner-jmfleetswl-biel,0,0,32,2023-08-24
bird-zurich,0,0,778,2023-08-24
donkey_le_locle,10,21,0,2023-08-24
share_birrer_ch,20,15,0,2023-08-24
donkey_yverdon-les-bains,81,109,0,2023-08-24
velospot,752,2165,2204,2023-08-24
2em_cars,1359,1359,0,2023-08-24
mobility,nan,nan,0,2023-08-24
edrivecarsharing,65,65,0,2023-08-24
liemobil_liechtenstein,25,52,52,2023-08-24
lime_zug,nan,nan,89,2023-08-24
lime_zurich,1,1124,1124,2023-08-24
donkey_thun,39,165,0,2023-08-24
bird-grenchen,0,0,44,2023-08-24
bird-biel,0,0,143,2023-08-24
sponticar,47,10,0,2023-08-25
carvelo2go,324,248,0,2023-08-25
bird-kloten,0,0,46,2023-08-25
lime_winterthur,nan,nan,134,2023-08-25
lime_opfikon,nan,nan,70,2023-08-25
bolt_zurich,0,0,986,2023-08-25
bird-platform-partner-jmfleets-bulle,0,0,119,2023-08-25
pickebike_basel,63,26,367,2023-08-25
donkey_neuchatel,57,264,0,2023-08-25
lime_uster,0,0,100,2023-08-25
nextbike_ch,297,1046,1085,2023-08-25
pickebike_aubonne,12,24,36,2023-08-25
lime_basel,nan,nan,352,2023-08-25
lime_wetzikon,nan,nan,1,2023-08-25
bird-basel,0,0,200,2023-08-25
donkey_kreuzlingen,18,68,0,2023-08-25
pickebike_fribourg,50,8,77,2023-08-25
donkey_ge,587,666,0,2023-08-25
bird-platform-partner-jmfleetswl-biel,0,0,34,2023-08-25
bird-zurich,0,0,762,2023-08-25
donkey_le_locle,10,22,0,2023-08-25
share_birrer_ch,20,16,0,2023-08-25
donkey_yverdon-les-bains,81,114,0,2023-08-25
velospot,753,2143,2181,2023-08-25
2em_cars,1360,1360,0,2023-08-25
mobility,nan,nan,0,2023-08-25
edrivecarsharing,66,66,0,2023-08-25
liemobil_liechtenstein,25,50,51,2023-08-25
lime_zug,nan,nan,89,2023-08-25
lime_zurich,1,1125,1125,2023-08-25
donkey_thun,39,171,0,2023-08-25
bird-grenchen,0,0,43,2023-08-25
bird-biel,0,0,146,2023-08-25
sponticar,47,6,0,2023-08-26
carvelo2go,324,202,0,2023-08-26
bird-kloten,0,0,48,2023-08-26
lime_winterthur,nan,nan,147,2023-08-26
lime_opfikon,nan,nan,56,2023-08-26
bolt_zurich,0,0,996,2023-08-26
bird-platform-partner-jmfleets-bulle,0,0,117,2023-08-26
pickebike_basel,63,28,368,2023-08-26
donkey_neuchatel,57,254,0,2023-08-26
lime_uster,0,0,105,2023-08-26
nextbike_ch,297,1067,1105,2023-08-26
pickebike_aubonne,12,37,46,2023-08-26
lime_basel,nan,nan,371,2023-08-26
lime_wetzikon,nan,nan,1,2023-08-26
bird-basel,0,0,195,2023-08-26
donkey_kreuzlingen,18,72,0,2023-08-26
pickebike_fribourg,50,9,79,2023-08-26
donkey_ge,587,702,0,2023-08-26
bird-platform-partner-jmfleetswl-biel,0,0,33,2023-08-26
bird-zurich,0,0,769,2023-08-26
donkey_le_locle,10,25,0,2023-08-26
share_birrer_ch,20,18,0,2023-08-26
donkey_yverdon-les-bains,81,125,0,2023-08-26
velospot,753,2173,2212,2023-08-26
2em_cars,1363,1363,0,2023-08-26
mobility,nan,nan,0,2023-08-26
edrivecarsharing,66,66,0,2023-08-26
liemobil_liechtenstein,25,48,49,2023-08-26
lime_zug,nan,nan,89,2023-08-26
lime_zurich,1,1124,1123,2023-08-26
donkey_thun,39,169,0,2023-08-26
bird-grenchen,0,0,38,2023-08-26
bird-biel,0,0,142,2023-08-26
sponticar,47,8,0,2023-08-27
carvelo2go,324,115,0,2023-08-27
bird-kloten,0,0,46,2023-08-27
lime_winterthur,nan,nan,151,2023-08-27
lime_opfikon,nan,nan,54,2023-08-27
bolt_zurich,0,0,998,2023-08-27
bird-platform-partner-jmfleets-bulle,0,0,122,2023-08-27
pickebike_basel,63,24,380,2023-08-27
donkey_neuchatel,57,264,0,2023-08-27
lime_uster,0,0,110,2023-08-27
nextbike_ch,297,1053,1106,2023-08-27
pickebike_aubonne,12,35,44,2023-08-27
lime_basel,nan,nan,380,2023-08-27
lime_wetzikon,nan,nan,1,2023-08-27
bird-basel,0,0,193,2023-08-27
donkey_kreuzlingen,18,73,0,2023-08-27
pickebike_fribourg,50,7,76,2023-08-27
donkey_ge,587,715,0,2023-08-27
bird-platform-partner-jmfleetswl-biel,0,0,25,2023-08-27
bird-zurich,0,0,772,2023-08-27
donkey_le_locle,10,27,0,2023-08-27
share_birrer_ch,20,18,0,2023-08-27
donkey_yverdon-les-bains,81,122,0,2023-08-27
velospot,753,2163,2205,2023-08-27
2em_cars,1365,1365,0,2023-08-27
mobility,nan,nan,0,2023-08-27
edrivecarsharing,66,66,0,2023-08-27
liemobil_liechtenstein,25,49,49,2023-08-27
lime_zug,nan,nan,89,2023-08-27
lime_zurich,1,1110,1110,2023-08-27
donkey_thun,39,166,0,2023-08-27
bird-grenchen,0,0,35,2023-08-27
bird-biel,0,0,131,2023-08-27
sponticar,47,7,0,2023-08-28
carvelo2go,324,175,0,2023-08-28
bird-kloten,0,0,41,2023-08-28
lime_winterthur,nan,nan,150,2023-08-28
lime_opfikon,nan,nan,52,2023-08-28
bolt_zurich,0,0,991,2023-08-28
bird-platform-partner-jmfleets-bulle,0,0,126,2023-08-28
pickebike_basel,63,29,388,2023-08-28
donkey_neuchatel,57,268,0,2023-08-28
lime_uster,0,0,110,2023-08-28
nextbike_ch,297,1044,1083,2023-08-28
pickebike_aubonne,12,35,39,2023-08-28
lime_basel,nan,nan,389,2023-08-28
lime_wetzikon,nan,nan,1,2023-08-28
bird-basel,0,0,200,2023-08-28
donkey_kreuzlingen,18,73,0,2023-08-28
pickebike_fribourg,50,5,71,2023-08-28
donkey_ge,587,702,0,2023-08-28
bird-platform-partner-jmfleetswl-biel,0,0,37,2023-08-28
bird-zurich,0,0,783,2023-08-28
donkey_le_locle,10,23,0,2023-08-28
share_birrer_ch,20,16,0,2023-08-28
donkey_yverdon-les-bains,81,111,0,2023-08-28
velospot,753,2163,2207,2023-08-28
2em_cars,1370,1370,0,2023-08-28
mobility,nan,nan,0,2023-08-28
edrivecarsharing,66,66,0,2023-08-28
liemobil_liechtenstein,25,49,49,2023-08-28
lime_zug,nan,nan,89,2023-08-28
lime_zurich,1,1140,1140,2023-08-28
donkey_thun,39,165,0,2023-08-28
bird-grenchen,0,0,40,2023-08-28
bird-biel,0,0,148,2023-08-28
sponticar,47,7,0,2023-08-29
carvelo2go,324,175,0,2023-08-29
bird-kloten,0,0,41,2023-08-29
lime_winterthur,0,0,139,2023-08-29
lime_opfikon,0,0,52,2023-08-29
bolt_zurich,0,0,982,2023-08-29
bird-platform-partner-jmfleets-bulle,0,0,126,2023-08-29
pickebike_basel,63,29,388,2023-08-29
donkey_neuchatel,57,268,0,2023-08-29
lime_uster,0,0,110,2023-08-29
nextbike_ch,297,1047,1077,2023-08-29
pickebike_aubonne,12,35,39,2023-08-29
lime_basel,0,0,389,2023-08-29
lime_wetzikon,0,0,1,2023-08-29
bird-basel,0,0,200,2023-08-29
donkey_kreuzlingen,18,73,0,2023-08-29
pickebike_fribourg,50,5,71,2023-08-29
donkey_ge,587,702,0,2023-08-29
bird-platform-partner-jmfleetswl-biel,0,0,37,2023-08-29
bird-zurich,0,0,783,2023-08-29
donkey_le_locle,10,33,0,2023-08-29
share_birrer_ch,20,16,0,2023-08-29
donkey_yverdon-les-bains,81,111,0,2023-08-29
velospot,752,2140,2179,2023-08-29
2em_cars,1370,1370,0,2023-08-29
mobility,nan,nan,0,2023-08-29
edrivecarsharing,66,66,0,2023-08-29
liemobil_liechtenstein,25,49,49,2023-08-29
lime_zug,0,0,89,2023-08-29
lime_zurich,1,1133,1133,2023-08-29
donkey_thun,39,165,0,2023-08-29
bird-grenchen,0,0,40,2023-08-29
bird-biel,0,0,148,2023-08-29
bolt_basel,0,0,188,2023-08-29
sponticar,47,7,0,2023-08-30
carvelo2go,324,175,0,2023-08-30
bird-kloten,0,0,41,2023-08-30
lime_winterthur,1,140,140,2023-08-30
lime_opfikon,0,0,52,2023-08-30
bolt_zurich,0,0,985,2023-08-30
bird-platform-partner-jmfleets-bulle,0,0,126,2023-08-30
pickebike_basel,63,29,388,2023-08-30
donkey_neuchatel,57,268,0,2023-08-30
lime_uster,0,0,110,2023-08-30
nextbike_ch,297,1061,1097,2023-08-30
pickebike_aubonne,12,35,39,2023-08-30
lime_basel,0,0,389,2023-08-30
lime_wetzikon,1,0,1,2023-08-30
bird-basel,0,0,200,2023-08-30
donkey_kreuzlingen,18,73,0,2023-08-30
pickebike_fribourg,50,5,71,2023-08-30
donkey_ge,587,702,0,2023-08-30
bird-platform-partner-jmfleetswl-biel,0,0,37,2023-08-30
bird-zurich,0,0,783,2023-08-30
donkey_le_locle,10,25,0,2023-08-30
share_birrer_ch,20,16,0,2023-08-30
donkey_yverdon-les-bains,81,111,0,2023-08-30
velospot,752,2141,2184,2023-08-30
2em_cars,1372,1372,0,2023-08-30
mobility,1562,0,0,2023-08-30
edrivecarsharing,66,66,0,2023-08-30
liemobil_liechtenstein,25,46,46,2023-08-30
lime_zug,0,0,89,2023-08-30
lime_zurich,0,0,1131,2023-08-30
donkey_thun,39,165,0,2023-08-30
bird-grenchen,0,0,40,2023-08-30
bird-biel,0,0,148,2023-08-30
bolt_basel,0,0,178,2023-08-30
sponticar,47,7,0,2023-08-31
carvelo2go,324,175,0,2023-08-31
bird-kloten,0,0,41,2023-08-31
lime_winterthur,1,136,134,2023-08-31
lime_opfikon,0,0,52,2023-08-31
bolt_zurich,0,0,984,2023-08-31
bird-platform-partner-jmfleets-bulle,0,0,126,2023-08-31
pickebike_basel,63,29,388,2023-08-31
donkey_neuchatel,57,268,0,2023-08-31
lime_uster,0,0,110,2023-08-31
nextbike_ch,297,1092,1122,2023-08-31
pickebike_aubonne,12,35,39,2023-08-31
lime_basel,0,0,389,2023-08-31
lime_wetzikon,1,0,1,2023-08-31
bird-basel,0,0,200,2023-08-31
donkey_kreuzlingen,18,73,0,2023-08-31
pickebike_fribourg,50,5,71,2023-08-31
donkey_ge,587,702,0,2023-08-31
bird-platform-partner-jmfleetswl-biel,0,0,37,2023-08-31
bird-zurich,0,0,783,2023-08-31
donkey_le_locle,10,24,0,2023-08-31
share_birrer_ch,20,16,0,2023-08-31
donkey_yverdon-les-bains,81,111,0,2023-08-31
velospot,752,2153,2196,2023-08-31
2em_cars,1373,1373,0,2023-08-31
mobility,nan,nan,0,2023-08-31
edrivecarsharing,66,66,0,2023-08-31
liemobil_liechtenstein,25,46,46,2023-08-31
lime_zug,0,0,89,2023-08-31
lime_zurich,0,0,1145,2023-08-31
donkey_thun,39,165,0,2023-08-31
bird-grenchen,0,0,40,2023-08-31
bird-biel,0,0,148,2023-08-31
bolt_basel,0,0,181,2023-08-31
sponticar,47,7,0,2023-09-01
carvelo2go,324,175,0,2023-09-01
bird-kloten,0,0,41,2023-09-01
lime_winterthur,1,136,134,2023-09-01
lime_opfikon,0,0,52,2023-09-01
bolt_zurich,0,0,984,2023-09-01
bird-platform-partner-jmfleets-bulle,0,0,126,2023-09-01
pickebike_basel,63,29,388,2023-09-01
donkey_neuchatel,57,268,0,2023-09-01
lime_uster,0,0,110,2023-09-01
nextbike_ch,297,1092,1122,2023-09-01
pickebike_aubonne,12,35,39,2023-09-01
lime_basel,0,0,389,2023-09-01
lime_wetzikon,1,0,1,2023-09-01
bird-basel,0,0,200,2023-09-01
donkey_kreuzlingen,18,73,0,2023-09-01
pickebike_fribourg,50,5,71,2023-09-01
donkey_ge,587,702,0,2023-09-01
bird-platform-partner-jmfleetswl-biel,0,0,37,2023-09-01
bird-zurich,0,0,783,2023-09-01
donkey_le_locle,10,24,0,2023-09-01
share_birrer_ch,20,16,0,2023-09-01
donkey_yverdon-les-bains,81,111,0,2023-09-01
velospot,752,2153,2196,2023-09-01
2em_cars,1373,1373,0,2023-09-01
mobility,nan,nan,0,2023-09-01
edrivecarsharing,66,66,0,2023-09-01
liemobil_liechtenstein,25,46,46,2023-09-01
lime_zug,0,0,89,2023-09-01
lime_zurich,0,0,1145,2023-09-01
donkey_thun,39,165,0,2023-09-01
bird-grenchen,0,0,40,2023-09-01
bird-biel,0,0,148,2023-09-01
bolt_basel,0,0,181,2023-09-01
sponticar,47,7,0,2023-09-02
carvelo2go,324,175,0,2023-09-02
bird-kloten,0,0,41,2023-09-02
lime_winterthur,1,136,134,2023-09-02
lime_opfikon,0,0,52,2023-09-02
bolt_zurich,0,0,984,2023-09-02
bird-platform-partner-jmfleets-bulle,0,0,126,2023-09-02
pickebike_basel,63,29,388,2023-09-02
donkey_neuchatel,57,268,0,2023-09-02
lime_uster,0,0,110,2023-09-02
nextbike_ch,297,1092,1122,2023-09-02
pickebike_aubonne,12,35,39,2023-09-02
lime_basel,0,0,389,2023-09-02
lime_wetzikon,1,0,1,2023-09-02
bird-basel,0,0,200,2023-09-02
donkey_kreuzlingen,18,73,0,2023-09-02
pickebike_fribourg,50,5,71,2023-09-02
donkey_ge,587,702,0,2023-09-02
bird-platform-partner-jmfleetswl-biel,0,0,37,2023-09-02
bird-zurich,0,0,783,2023-09-02
donkey_le_locle,10,24,0,2023-09-02
share_birrer_ch,20,16,0,2023-09-02
donkey_yverdon-les-bains,81,111,0,2023-09-02
velospot,752,2153,2196,2023-09-02
2em_cars,1373,1373,0,2023-09-02
mobility,nan,nan,0,2023-09-02
edrivecarsharing,66,66,0,2023-09-02
liemobil_liechtenstein,25,46,46,2023-09-02
lime_zug,0,0,89,2023-09-02
lime_zurich,0,0,1145,2023-09-02
donkey_thun,39,165,0,2023-09-02
bird-grenchen,0,0,40,2023-09-02
bird-biel,0,0,148,2023-09-02
bolt_basel,0,0,181,2023-09-02
sponticar,47,7,0,2023-09-03
carvelo2go,324,175,0,2023-09-03
bird-kloten,0,0,41,2023-09-03
lime_winterthur,1,136,134,2023-09-03
lime_opfikon,0,0,52,2023-09-03
bolt_zurich,0,0,984,2023-09-03
bird-platform-partner-jmfleets-bulle,0,0,126,2023-09-03
pickebike_basel,63,29,388,2023-09-03
donkey_neuchatel,57,268,0,2023-09-03
lime_uster,0,0,110,2023-09-03
nextbike_ch,297,1092,1122,2023-09-03
pickebike_aubonne,12,35,39,2023-09-03
lime_basel,0,0,389,2023-09-03
lime_wetzikon,1,0,1,2023-09-03
bird-basel,0,0,200,2023-09-03
donkey_kreuzlingen,18,73,0,2023-09-03
pickebike_fribourg,50,5,71,2023-09-03
donkey_ge,587,702,0,2023-09-03
bird-platform-partner-jmfleetswl-biel,0,0,37,2023-09-03
bird-zurich,0,0,783,2023-09-03
donkey_le_locle,10,24,0,2023-09-03
share_birrer_ch,20,16,0,2023-09-03
donkey_yverdon-les-bains,81,111,0,2023-09-03
velospot,752,2153,2196,2023-09-03
2em_cars,1373,1373,0,2023-09-03
mobility,nan,nan,0,2023-09-03
edrivecarsharing,66,66,0,2023-09-03
liemobil_liechtenstein,25,46,46,2023-09-03
lime_zug,0,0,89,2023-09-03
lime_zurich,0,0,1145,2023-09-03
donkey_thun,39,165,0,2023-09-03
bird-grenchen,0,0,40,2023-09-03
bird-biel,0,0,148,2023-09-03
bolt_basel,0,0,181,2023-09-03
sponticar,47,7,0,2023-09-04
carvelo2go,324,175,0,2023-09-04
bird-kloten,0,0,41,2023-09-04
lime_winterthur,1,136,134,2023-09-04
lime_opfikon,0,0,52,2023-09-04
bolt_zurich,0,0,984,2023-09-04
bird-platform-partner-jmfleets-bulle,0,0,126,2023-09-04
pickebike_basel,63,29,388,2023-09-04
donkey_neuchatel,57,268,0,2023-09-04
lime_uster,0,0,110,2023-09-04
nextbike_ch,297,1092,1122,2023-09-04
pickebike_aubonne,12,35,39,2023-09-04
lime_basel,0,0,389,2023-09-04
lime_wetzikon,1,0,1,2023-09-04
bird-basel,0,0,200,2023-09-04
donkey_kreuzlingen,18,73,0,2023-09-04
pickebike_fribourg,50,5,71,2023-09-04
donkey_ge,587,702,0,2023-09-04
bird-platform-partner-jmfleetswl-biel,0,0,37,2023-09-04
bird-zurich,0,0,783,2023-09-04
donkey_le_locle,10,24,0,2023-09-04
share_birrer_ch,20,16,0,2023-09-04
donkey_yverdon-les-bains,81,111,0,2023-09-04
velospot,752,2153,2196,2023-09-04
2em_cars,1373,1373,0,2023-09-04
mobility,nan,nan,0,2023-09-04
edrivecarsharing,66,66,0,2023-09-04
liemobil_liechtenstein,25,46,46,2023-09-04
lime_zug,0,0,89,2023-09-04
lime_zurich,0,0,1145,2023-09-04
donkey_thun,39,165,0,2023-09-04
bird-grenchen,0,0,40,2023-09-04
bird-biel,0,0,148,2023-09-04
bolt_basel,0,0,181,2023-09-04
sponticar,47,7,0,2023-09-05
carvelo2go,324,175,0,2023-09-05
bird-kloten,0,0,41,2023-09-05
lime_winterthur,1,136,134,2023-09-05
lime_opfikon,0,0,52,2023-09-05
bolt_zurich,0,0,984,2023-09-05
bird-platform-partner-jmfleets-bulle,0,0,126,2023-09-05
pickebike_basel,63,29,388,2023-09-05
donkey_neuchatel,57,268,0,2023-09-05
lime_uster,0,0,110,2023-09-05
nextbike_ch,297,1092,1122,2023-09-05
pickebike_aubonne,12,35,39,2023-09-05
lime_basel,0,0,389,2023-09-05
lime_wetzikon,1,0,1,2023-09-05
bird-basel,0,0,200,2023-09-05
donkey_kreuzlingen,18,73,0,2023-09-05
pickebike_fribourg,50,5,71,2023-09-05
donkey_ge,587,702,0,2023-09-05
bird-platform-partner-jmfleetswl-biel,0,0,37,2023-09-05
bird-zurich,0,0,783,2023-09-05
donkey_le_locle,10,24,0,2023-09-05
share_birrer_ch,20,16,0,2023-09-05
donkey_yverdon-les-bains,81,111,0,2023-09-05
velospot,752,2153,2196,2023-09-05
2em_cars,1373,1373,0,2023-09-05
mobility,nan,nan,0,2023-09-05
edrivecarsharing,66,66,0,2023-09-05
liemobil_liechtenstein,25,46,46,2023-09-05
lime_zug,0,0,89,2023-09-05
lime_zurich,0,0,1145,2023-09-05
donkey_thun,39,165,0,2023-09-05
bird-grenchen,0,0,40,2023-09-05
bird-biel,0,0,148,2023-09-05
bolt_basel,0,0,181,2023-09-05
sponticar,47,7,0,2023-09-06
carvelo2go,324,175,0,2023-09-06
bird-kloten,0,0,41,2023-09-06
lime_winterthur,0,0,138,2023-09-06
lime_opfikon,0,0,52,2023-09-06
bolt_zurich,0,0,982,2023-09-06
bird-platform-partner-jmfleets-bulle,0,0,126,2023-09-06
pickebike_basel,63,29,388,2023-09-06
donkey_neuchatel,57,268,0,2023-09-06
lime_uster,0,0,110,2023-09-06
nextbike_ch,298,1100,1121,2023-09-06
pickebike_aubonne,12,35,39,2023-09-06
lime_basel,0,0,389,2023-09-06
lime_wetzikon,0,0,1,2023-09-06
bird-basel,0,0,200,2023-09-06
donkey_kreuzlingen,18,73,0,2023-09-06
pickebike_fribourg,50,5,71,2023-09-06
donkey_ge,587,702,0,2023-09-06
bird-platform-partner-jmfleetswl-biel,0,0,37,2023-09-06
bird-zurich,0,0,783,2023-09-06
donkey_le_locle,10,30,0,2023-09-06
share_birrer_ch,20,16,0,2023-09-06
donkey_yverdon-les-bains,81,111,0,2023-09-06
velospot,754,2088,2146,2023-09-06
2em_cars,1385,1385,0,2023-09-06
mobility,1151,1639,0,2023-09-06
edrivecarsharing,66,66,0,2023-09-06
liemobil_liechtenstein,25,56,56,2023-09-06
lime_zug,0,0,89,2023-09-06
lime_zurich,0,0,1087,2023-09-06
donkey_thun,39,165,0,2023-09-06
bird-grenchen,0,0,40,2023-09-06
bird-biel,0,0,148,2023-09-06
bolt_basel,0,0,179,2023-09-06
sponticar,47,12,0,2023-09-07
carvelo2go,324,246,0,2023-09-07
bird-kloten,0,0,50,2023-09-07
lime_winterthur,0,0,145,2023-09-07
lime_opfikon,0,0,71,2023-09-07
bolt_zurich,0,0,972,2023-09-07
bird-platform-partner-jmfleets-bulle,0,0,138,2023-09-07
pickebike_basel,64,37,364,2023-09-07
donkey_neuchatel,55,250,0,2023-09-07
lime_uster,0,0,116,2023-09-07
nextbike_ch,298,1079,1111,2023-09-07
pickebike_aubonne,12,30,37,2023-09-07
lime_basel,0,0,358,2023-09-07
lime_wetzikon,0,0,1,2023-09-07
bird-basel,0,0,173,2023-09-07
donkey_kreuzlingen,18,75,0,2023-09-07
pickebike_fribourg,51,5,69,2023-09-07
donkey_ge,586,753,0,2023-09-07
bird-platform-partner-jmfleetswl-biel,0,0,17,2023-09-07
bird-zurich,0,0,785,2023-09-07
donkey_le_locle,10,28,0,2023-09-07
share_birrer_ch,20,13,0,2023-09-07
donkey_yverdon-les-bains,81,108,0,2023-09-07
velospot,754,2098,2159,2023-09-07
2em_cars,1383,1383,0,2023-09-07
mobility,1110,3040,0,2023-09-07
edrivecarsharing,65,65,0,2023-09-07
liemobil_liechtenstein,25,57,57,2023-09-07
lime_zug,0,0,77,2023-09-07
lime_zurich,0,0,1083,2023-09-07
donkey_thun,37,170,0,2023-09-07
bird-grenchen,0,0,41,2023-09-07
bird-biel,0,0,115,2023-09-07
bolt_basel,0,0,189,2023-09-07
sponticar,47,7,0,2023-09-08
carvelo2go,323,252,0,2023-09-08
bird-kloten,0,0,49,2023-09-08
lime_winterthur,0,0,130,2023-09-08
lime_opfikon,0,0,68,2023-09-08
bolt_zurich,0,0,982,2023-09-08
bird-platform-partner-jmfleets-bulle,0,0,129,2023-09-08
pickebike_basel,64,36,395,2023-09-08
donkey_neuchatel,55,250,0,2023-09-08
lime_uster,0,0,111,2023-09-08
nextbike_ch,298,1085,1119,2023-09-08
pickebike_aubonne,12,41,46,2023-09-08
lime_basel,0,0,376,2023-09-08
lime_wetzikon,0,0,1,2023-09-08
bird-basel,0,0,187,2023-09-08
donkey_kreuzlingen,18,76,0,2023-09-08
pickebike_fribourg,51,7,84,2023-09-08
donkey_ge,586,757,0,2023-09-08
bird-platform-partner-jmfleetswl-biel,0,0,15,2023-09-08
bird-zurich,0,0,764,2023-09-08
donkey_le_locle,10,27,0,2023-09-08
share_birrer_ch,20,15,0,2023-09-08
donkey_yverdon-les-bains,83,117,0,2023-09-08
velospot,756,2110,2173,2023-09-08
2em_cars,1381,1381,0,2023-09-08
mobility,1110,1550,0,2023-09-08
edrivecarsharing,65,65,0,2023-09-08
liemobil_liechtenstein,25,59,59,2023-09-08
lime_zug,0,0,91,2023-09-08
lime_zurich,0,0,1119,2023-09-08
donkey_thun,37,171,0,2023-09-08
bird-grenchen,0,0,41,2023-09-08
bird-biel,0,0,125,2023-09-08
bolt_basel,0,0,188,2023-09-08
sponticar,47,9,0,2023-09-09
carvelo2go,323,189,0,2023-09-09
bird-kloten,0,0,50,2023-09-09
lime_winterthur,0,0,152,2023-09-09
lime_opfikon,0,0,74,2023-09-09
bolt_zurich,0,0,1003,2023-09-09
bird-platform-partner-jmfleets-bulle,0,0,124,2023-09-09
pickebike_basel,64,34,407,2023-09-09
donkey_neuchatel,55,275,0,2023-09-09
lime_uster,0,0,105,2023-09-09
nextbike_ch,298,1054,1105,2023-09-09
pickebike_aubonne,12,37,46,2023-09-09
lime_basel,0,0,401,2023-09-09
lime_wetzikon,0,0,1,2023-09-09
bird-basel,0,0,199,2023-09-09
donkey_kreuzlingen,18,73,0,2023-09-09
pickebike_fribourg,51,6,85,2023-09-09
donkey_ge,586,792,0,2023-09-09
bird-platform-partner-jmfleetswl-biel,0,0,15,2023-09-09
bird-zurich,0,0,751,2023-09-09
donkey_le_locle,10,27,0,2023-09-09
share_birrer_ch,20,19,0,2023-09-09
donkey_yverdon-les-bains,83,113,0,2023-09-09
velospot,756,2136,2198,2023-09-09
2em_cars,1381,1381,0,2023-09-09
mobility,1222,1805,0,2023-09-09
edrivecarsharing,65,65,0,2023-09-09
liemobil_liechtenstein,25,58,58,2023-09-09
lime_zug,0,0,82,2023-09-09
lime_zurich,0,0,1144,2023-09-09
donkey_thun,37,175,0,2023-09-09
bird-grenchen,0,0,36,2023-09-09
bird-biel,0,0,126,2023-09-09
bolt_basel,0,0,188,2023-09-09
sponticar,47,6,0,2023-09-10
carvelo2go,323,97,0,2023-09-10
bird-kloten,0,0,50,2023-09-10
lime_winterthur,0,0,148,2023-09-10
lime_opfikon,0,0,77,2023-09-10
bolt_zurich,0,0,1000,2023-09-10
bird-platform-partner-jmfleets-bulle,0,0,69,2023-09-10
pickebike_basel,64,25,377,2023-09-10
donkey_neuchatel,55,257,0,2023-09-10
lime_uster,0,0,112,2023-09-10
nextbike_ch,298,1049,1094,2023-09-10
pickebike_aubonne,12,34,45,2023-09-10
lime_basel,0,0,361,2023-09-10
lime_wetzikon,0,0,1,2023-09-10
bird-basel,0,0,193,2023-09-10
donkey_kreuzlingen,18,70,0,2023-09-10
pickebike_fribourg,51,9,82,2023-09-10
donkey_ge,586,738,0,2023-09-10
bird-platform-partner-jmfleetswl-biel,0,0,18,2023-09-10
bird-zurich,0,0,737,2023-09-10
donkey_le_locle,10,28,0,2023-09-10
share_birrer_ch,20,18,0,2023-09-10
donkey_yverdon-les-bains,83,112,0,2023-09-10
velospot,756,2133,2196,2023-09-10
2em_cars,1379,1379,0,2023-09-10
mobility,1264,3780,0,2023-09-10
edrivecarsharing,65,65,0,2023-09-10
liemobil_liechtenstein,25,58,58,2023-09-10
lime_zug,0,0,80,2023-09-10
lime_zurich,0,0,1101,2023-09-10
donkey_thun,37,166,0,2023-09-10
bird-grenchen,0,0,35,2023-09-10
bird-biel,0,0,127,2023-09-10
bolt_basel,0,0,187,2023-09-10
sponticar,48,8,0,2023-09-11
carvelo2go,323,211,0,2023-09-11
bird-kloten,0,0,50,2023-09-11
lime_winterthur,0,0,141,2023-09-11
lime_opfikon,0,0,85,2023-09-11
bolt_zurich,0,0,969,2023-09-11
bird-platform-partner-jmfleets-bulle,0,0,103,2023-09-11
pickebike_basel,64,34,389,2023-09-11
donkey_neuchatel,55,231,0,2023-09-11
lime_uster,0,0,103,2023-09-11
nextbike_ch,298,1007,1065,2023-09-11
pickebike_aubonne,12,31,45,2023-09-11
lime_basel,0,0,349,2023-09-11
lime_wetzikon,0,0,1,2023-09-11
bird-basel,0,0,160,2023-09-11
donkey_kreuzlingen,18,74,0,2023-09-11
pickebike_fribourg,51,10,81,2023-09-11
donkey_ge,586,747,0,2023-09-11
bird-platform-partner-jmfleetswl-biel,0,0,17,2023-09-11
bird-zurich,0,0,776,2023-09-11
donkey_le_locle,10,25,0,2023-09-11
share_birrer_ch,20,15,0,2023-09-11
donkey_yverdon-les-bains,83,104,0,2023-09-11
velospot,757,2108,2172,2023-09-11
2em_cars,1381,1381,0,2023-09-11
mobility,1076,2908,0,2023-09-11
edrivecarsharing,65,65,0,2023-09-11
liemobil_liechtenstein,25,54,54,2023-09-11
lime_zug,0,0,98,2023-09-11
lime_zurich,0,0,1075,2023-09-11
donkey_thun,37,161,0,2023-09-11
bird-grenchen,0,0,41,2023-09-11
bird-biel,0,0,129,2023-09-11
bolt_basel,0,0,184,2023-09-11
sponticar,47,20,0,2023-09-12
carvelo2go,322,255,0,2023-09-12
bird-kloten,0,0,49,2023-09-12
lime_winterthur,0,0,135,2023-09-12
lime_opfikon,0,0,71,2023-09-12
bolt_zurich,0,0,989,2023-09-12
bird-platform-partner-jmfleets-bulle,0,0,134,2023-09-12
pickebike_basel,64,39,396,2023-09-12
donkey_neuchatel,55,247,0,2023-09-12
lime_uster,0,0,111,2023-09-12
nextbike_ch,300,1034,1078,2023-09-12
pickebike_aubonne,12,40,42,2023-09-12
lime_basel,0,0,366,2023-09-12
lime_wetzikon,0,0,1,2023-09-12
bird-basel,0,0,190,2023-09-12
donkey_kreuzlingen,18,74,0,2023-09-12
pickebike_fribourg,51,8,82,2023-09-12
donkey_ge,586,769,0,2023-09-12
bird-platform-partner-jmfleetswl-biel,0,0,16,2023-09-12
bird-zurich,0,0,792,2023-09-12
donkey_le_locle,10,28,0,2023-09-12
share_birrer_ch,20,18,0,2023-09-12
donkey_yverdon-les-bains,83,95,0,2023-09-12
velospot,757,2122,2186,2023-09-12
2em_cars,1379,1379,0,2023-09-12
mobility,1429,2250,0,2023-09-12
edrivecarsharing,65,65,0,2023-09-12
liemobil_liechtenstein,25,52,52,2023-09-12
lime_zug,0,0,89,2023-09-12
lime_zurich,0,0,1108,2023-09-12
donkey_thun,37,161,0,2023-09-12
bird-grenchen,0,0,45,2023-09-12
bird-biel,0,0,126,2023-09-12
bolt_basel,0,0,183,2023-09-12
sponticar,47,20,0,2023-09-13
carvelo2go,322,253,0,2023-09-13
bird-kloten,0,0,50,2023-09-13
lime_winterthur,0,0,145,2023-09-13
lime_opfikon,0,0,76,2023-09-13
bolt_zurich,0,0,1003,2023-09-13
bird-platform-partner-jmfleets-bulle,0,0,141,2023-09-13
pickebike_basel,64,25,392,2023-09-13
donkey_neuchatel,56,257,0,2023-09-13
lime_uster,0,0,109,2023-09-13
nextbike_ch,300,1073,1099,2023-09-13
pickebike_aubonne,12,33,43,2023-09-13
lime_basel,0,0,385,2023-09-13
lime_wetzikon,0,0,1,2023-09-13
bird-basel,0,0,196,2023-09-13
donkey_kreuzlingen,18,75,0,2023-09-13
pickebike_fribourg,51,6,78,2023-09-13
donkey_ge,586,807,0,2023-09-13
bird-platform-partner-jmfleetswl-biel,0,0,22,2023-09-13
bird-zurich,0,0,798,2023-09-13
donkey_le_locle,10,29,0,2023-09-13
share_birrer_ch,20,14,0,2023-09-13
donkey_yverdon-les-bains,83,102,0,2023-09-13
velospot,757,2177,2235,2023-09-13
2em_cars,1382,1382,0,2023-09-13
mobility,1077,1497,0,2023-09-13
edrivecarsharing,65,65,0,2023-09-13
liemobil_liechtenstein,25,50,50,2023-09-13
lime_zug,0,0,83,2023-09-13
lime_zurich,0,0,1093,2023-09-13
donkey_thun,37,162,0,2023-09-13
bird-grenchen,0,0,37,2023-09-13
bird-biel,0,0,141,2023-09-13
bolt_basel,0,0,175,2023-09-13
sponticar,47,20,0,2023-09-14
carvelo2go,322,257,0,2023-09-14
bird-kloten,0,0,50,2023-09-14
lime_winterthur,0,0,144,2023-09-14
lime_opfikon,0,0,67,2023-09-14
bolt_zurich,0,0,1024,2023-09-14
bird-platform-partner-jmfleets-bulle,0,0,152,2023-09-14
pickebike_basel,64,30,398,2023-09-14
donkey_neuchatel,56,249,0,2023-09-14
lime_uster,0,0,97,2023-09-14
nextbike_ch,300,1086,1106,2023-09-14
pickebike_aubonne,12,36,42,2023-09-14
lime_basel,0,0,370,2023-09-14
lime_wetzikon,0,0,1,2023-09-14
bird-basel,0,0,198,2023-09-14
donkey_kreuzlingen,18,76,0,2023-09-14
pickebike_fribourg,51,9,81,2023-09-14
donkey_ge,586,818,0,2023-09-14
bird-platform-partner-jmfleetswl-biel,0,0,30,2023-09-14
bird-zurich,0,0,819,2023-09-14
donkey_le_locle,10,34,0,2023-09-14
share_birrer_ch,20,20,0,2023-09-14
donkey_yverdon-les-bains,83,96,0,2023-09-14
velospot,757,2182,2240,2023-09-14
2em_cars,1387,1387,0,2023-09-14
mobility,1189,3282,0,2023-09-14
edrivecarsharing,65,65,0,2023-09-14
liemobil_liechtenstein,25,51,51,2023-09-14
lime_zug,0,0,96,2023-09-14
lime_zurich,0,0,1143,2023-09-14
donkey_thun,37,170,0,2023-09-14
bird-grenchen,0,0,48,2023-09-14
bird-biel,0,0,128,2023-09-14
bolt_basel,0,0,185,2023-09-14
